/*
 Navicat Premium Data Transfer

 Source Server         : 本地
 Source Server Type    : MySQL
 Source Server Version : 50727
 Source Host           : localhost:3305
 Source Schema         : act

 Target Server Type    : MySQL
 Target Server Version : 50727
 File Encoding         : 65001

 Date: 23/06/2022 13:36:17
*/

SET NAMES utf8mb4;
SET FOREIGN_KEY_CHECKS = 0;

-- ----------------------------
-- Table structure for act_evt_log
-- ----------------------------
DROP TABLE IF EXISTS `act_evt_log`;
CREATE TABLE `act_evt_log`  (
  `LOG_NR_` bigint(20) NOT NULL AUTO_INCREMENT,
  `TYPE_` varchar(64) CHARACTER SET utf8 COLLATE utf8_bin NULL DEFAULT NULL,
  `PROC_DEF_ID_` varchar(64) CHARACTER SET utf8 COLLATE utf8_bin NULL DEFAULT NULL,
  `PROC_INST_ID_` varchar(64) CHARACTER SET utf8 COLLATE utf8_bin NULL DEFAULT NULL,
  `EXECUTION_ID_` varchar(64) CHARACTER SET utf8 COLLATE utf8_bin NULL DEFAULT NULL,
  `TASK_ID_` varchar(64) CHARACTER SET utf8 COLLATE utf8_bin NULL DEFAULT NULL,
  `TIME_STAMP_` timestamp(0) NOT NULL DEFAULT CURRENT_TIMESTAMP(0) ON UPDATE CURRENT_TIMESTAMP(0),
  `USER_ID_` varchar(255) CHARACTER SET utf8 COLLATE utf8_bin NULL DEFAULT NULL,
  `DATA_` longblob NULL,
  `LOCK_OWNER_` varchar(255) CHARACTER SET utf8 COLLATE utf8_bin NULL DEFAULT NULL,
  `LOCK_TIME_` timestamp(0) NULL DEFAULT NULL,
  `IS_PROCESSED_` tinyint(4) NULL DEFAULT 0,
  PRIMARY KEY (`LOG_NR_`) USING BTREE
) ENGINE = InnoDB AUTO_INCREMENT = 1 CHARACTER SET = utf8 COLLATE = utf8_bin ROW_FORMAT = Compact;

-- ----------------------------
-- Records of act_evt_log
-- ----------------------------

-- ----------------------------
-- Table structure for act_ge_bytearray
-- ----------------------------
DROP TABLE IF EXISTS `act_ge_bytearray`;
CREATE TABLE `act_ge_bytearray`  (
  `ID_` varchar(64) CHARACTER SET utf8 COLLATE utf8_bin NOT NULL DEFAULT '',
  `REV_` int(11) NULL DEFAULT NULL,
  `NAME_` varchar(255) CHARACTER SET utf8 COLLATE utf8_bin NULL DEFAULT NULL,
  `DEPLOYMENT_ID_` varchar(64) CHARACTER SET utf8 COLLATE utf8_bin NULL DEFAULT NULL,
  `BYTES_` longblob NULL,
  `GENERATED_` tinyint(4) NULL DEFAULT NULL,
  PRIMARY KEY (`ID_`) USING BTREE,
  INDEX `ACT_FK_BYTEARR_DEPL`(`DEPLOYMENT_ID_`) USING BTREE,
  CONSTRAINT `ACT_FK_BYTEARR_DEPL` FOREIGN KEY (`DEPLOYMENT_ID_`) REFERENCES `act_re_deployment` (`ID_`) ON DELETE RESTRICT ON UPDATE RESTRICT
) ENGINE = InnoDB CHARACTER SET = utf8 COLLATE = utf8_bin ROW_FORMAT = Compact;

-- ----------------------------
-- Records of act_ge_bytearray
-- ----------------------------
INSERT INTO `act_ge_bytearray` VALUES ('0d8ee4b3-6cda-11ea-a34e-606dc70da7a3', 1, '请假.bpmn20.xml', '0d8ee4b2-6cda-11ea-a34e-606dc70da7a3', 0x3C3F786D6C2076657273696F6E3D22312E302220656E636F64696E673D225554462D38223F3E0A3C62706D6E323A646566696E6974696F6E7320786D6C6E733D22687474703A2F2F7777772E6F6D672E6F72672F737065632F42504D4E2F32303130303532342F4D4F44454C2220786D6C6E733A62706D6E323D22687474703A2F2F7777772E6F6D672E6F72672F737065632F42504D4E2F32303130303532342F4D4F44454C2220786D6C6E733A7873693D22687474703A2F2F7777772E77332E6F72672F323030312F584D4C536368656D612D696E7374616E63652220786D6C6E733A7873643D22687474703A2F2F7777772E77332E6F72672F323030312F584D4C536368656D612220786D6C6E733A61637469766974693D22687474703A2F2F61637469766974692E6F72672F62706D6E2220786D6C6E733A62706D6E64693D22687474703A2F2F7777772E6F6D672E6F72672F737065632F42504D4E2F32303130303532342F44492220786D6C6E733A6F6D6764633D22687474703A2F2F7777772E6F6D672E6F72672F737065632F44442F32303130303532342F44432220786D6C6E733A6F6D6764693D22687474703A2F2F7777772E6F6D672E6F72672F737065632F44442F32303130303532342F44492220747970654C616E67756167653D22687474703A2F2F7777772E77332E6F72672F323030312F584D4C536368656D61222065787072657373696F6E4C616E67756167653D22687474703A2F2F7777772E77332E6F72672F313939392F585061746822207461726765744E616D6573706163653D22687474703A2F2F7777772E61637469766974692E6F72672F70726F63657373646566223E0A20203C62706D6E323A70726F636573732069643D2270726F636573735F6C6561766522206E616D653D22E8AFB7E581872220697345786563757461626C653D2274727565223E0A202020203C62706D6E323A646F63756D656E746174696F6E3EE8AFB7E58187E6B581E7A88B3C2F62706D6E323A646F63756D656E746174696F6E3E0A202020203C62706D6E323A73746172744576656E742069643D22535441525422206E616D653D22E5BC80E5A78B223E3C2F62706D6E323A73746172744576656E743E0A202020203C62706D6E323A757365725461736B2069643D224150504C5922206E616D653D22E68F90E4BAA4E794B3E8AFB7222061637469766974693A63616E64696461746547726F7570733D2250524F434553535F4C454156455F4150504C595F5553455253223E3C2F62706D6E323A757365725461736B3E0A202020203C62706D6E323A757365725461736B2069643D2243485522206E616D653D22E5889DE5AEA1222061637469766974693A63616E64696461746547726F7570733D2250524F434553535F4C454156455F4348555F5553455253223E3C2F62706D6E323A757365725461736B3E0A202020203C62706D6E323A757365725461736B2069643D22465522206E616D653D22E5A48DE5AEA1222061637469766974693A63616E64696461746547726F7570733D2250524F434553535F4C454156455F46555F5553455253223E3C2F62706D6E323A757365725461736B3E0A202020203C62706D6E323A757365725461736B2069643D22504922206E616D653D22E9A286E5AFBCE5AEA1E689B9222061637469766974693A63616E64696461746547726F7570733D2250524F434553535F4C454156455F50495F5553455253223E3C2F62706D6E323A757365725461736B3E0A202020203C62706D6E323A656E644576656E742069643D22454E4422206E616D653D22E7BB93E69D9F223E3C2F62706D6E323A656E644576656E743E0A202020203C62706D6E323A73657175656E6365466C6F772069643D227369642D33424430433730372D444336442D343045422D423735442D3934454137453744353144362220736F757263655265663D2243485522207461726765745265663D224655223E3C2F62706D6E323A73657175656E6365466C6F773E0A202020203C62706D6E323A6578636C7573697665476174657761792069643D227369642D36364436313341352D373935302D343735452D423441452D413343443846344530414138223E3C2F62706D6E323A6578636C7573697665476174657761793E0A202020203C62706D6E323A73657175656E6365466C6F772069643D227369642D32343944383730302D423941432D343335442D394441342D4431393730343144333832432220736F757263655265663D22465522207461726765745265663D227369642D36364436313341352D373935302D343735452D423441452D413343443846344530414138223E3C2F62706D6E323A73657175656E6365466C6F773E0A202020203C62706D6E323A73657175656E6365466C6F772069643D227369642D43453738304142382D323039392D343646302D413639332D3331353832304432413639302220736F757263655265663D22504922207461726765745265663D22454E44223E3C2F62706D6E323A73657175656E6365466C6F773E0A202020203C62706D6E323A73657175656E6365466C6F772069643D227369642D33384644303739452D303944322D343233312D393145462D31424532324644394444343622206E616D653D22E4B889E5A4A9E586852220736F757263655265663D227369642D36364436313341352D373935302D343735452D423441452D41334344384634453041413822207461726765745265663D22454E44223E0A2020202020203C62706D6E323A636F6E646974696F6E45787072657373696F6E207873693A747970653D2274466F726D616C45787072657373696F6E223E3C215B43444154415B247B646179733C3D337D5D5D3E3C2F62706D6E323A636F6E646974696F6E45787072657373696F6E3E0A202020203C2F62706D6E323A73657175656E6365466C6F773E0A202020203C62706D6E323A73657175656E6365466C6F772069643D227369642D34443636324346302D413135372D343737412D414337332D37333334383431454631333522206E616D653D22E4B889E5A4A9E4BBA5E4B88A2220736F757263655265663D227369642D36364436313341352D373935302D343735452D423441452D41334344384634453041413822207461726765745265663D225049223E0A2020202020203C62706D6E323A636F6E646974696F6E45787072657373696F6E207873693A747970653D2274466F726D616C45787072657373696F6E223E3C215B43444154415B247B646179733E337D5D5D3E3C2F62706D6E323A636F6E646974696F6E45787072657373696F6E3E0A202020203C2F62706D6E323A73657175656E6365466C6F773E0A202020203C62706D6E323A73657175656E6365466C6F772069643D227369642D46414438374345332D443544412D344632332D413532462D3244333545393031314236442220736F757263655265663D22535441525422207461726765745265663D224150504C59223E3C2F62706D6E323A73657175656E6365466C6F773E0A202020203C62706D6E323A73657175656E6365466C6F772069643D227369642D43313445393339302D373242382D344230352D424343342D3034354436433543353244332220736F757263655265663D224150504C5922207461726765745265663D22434855223E3C2F62706D6E323A73657175656E6365466C6F773E0A20203C2F62706D6E323A70726F636573733E0A20203C62706D6E64693A42504D4E4469616772616D2069643D2242504D4E4469616772616D5F70726F636573735F6C65617665223E0A202020203C62706D6E64693A42504D4E506C616E652062706D6E456C656D656E743D2270726F636573735F6C65617665222069643D2242504D4E506C616E655F70726F636573735F6C65617665223E0A2020202020203C62706D6E64693A42504D4E53686170652062706D6E456C656D656E743D225354415254222069643D2242504D4E53686170655F5354415254223E0A20202020202020203C6F6D6764633A426F756E6473206865696768743D2233302E30222077696474683D2233302E302220783D2239302E302220793D223230382E30223E3C2F6F6D6764633A426F756E64733E0A2020202020203C2F62706D6E64693A42504D4E53686170653E0A2020202020203C62706D6E64693A42504D4E53686170652062706D6E456C656D656E743D22434855222069643D2242504D4E53686170655F434855223E0A20202020202020203C6F6D6764633A426F756E6473206865696768743D2238302E30222077696474683D223130302E302220783D223331352E302220793D223138332E30223E3C2F6F6D6764633A426F756E64733E0A2020202020203C2F62706D6E64693A42504D4E53686170653E0A2020202020203C62706D6E64693A42504D4E53686170652062706D6E456C656D656E743D224655222069643D2242504D4E53686170655F4655223E0A20202020202020203C6F6D6764633A426F756E6473206865696768743D2238302E30222077696474683D223130302E302220783D223435302E302220793D223138302E30223E3C2F6F6D6764633A426F756E64733E0A2020202020203C2F62706D6E64693A42504D4E53686170653E0A2020202020203C62706D6E64693A42504D4E53686170652062706D6E456C656D656E743D227369642D36364436313341352D373935302D343735452D423441452D413343443846344530414138222069643D2242504D4E53686170655F7369642D36364436313341352D373935302D343735452D423441452D413343443846344530414138223E0A20202020202020203C6F6D6764633A426F756E6473206865696768743D2234302E30222077696474683D2234302E302220783D223539362E302220793D223230302E30223E3C2F6F6D6764633A426F756E64733E0A2020202020203C2F62706D6E64693A42504D4E53686170653E0A2020202020203C62706D6E64693A42504D4E53686170652062706D6E456C656D656E743D225049222069643D2242504D4E53686170655F5049223E0A20202020202020203C6F6D6764633A426F756E6473206865696768743D2238302E30222077696474683D223130302E302220783D223635302E302220793D2234352E30223E3C2F6F6D6764633A426F756E64733E0A2020202020203C2F62706D6E64693A42504D4E53686170653E0A2020202020203C62706D6E64693A42504D4E53686170652062706D6E456C656D656E743D22454E44222069643D2242504D4E53686170655F454E44223E0A20202020202020203C6F6D6764633A426F756E6473206865696768743D2232382E30222077696474683D2232382E302220783D223737362E302220793D223230362E30223E3C2F6F6D6764633A426F756E64733E0A2020202020203C2F62706D6E64693A42504D4E53686170653E0A2020202020203C62706D6E64693A42504D4E53686170652062706D6E456C656D656E743D224150504C59222069643D2242504D4E53686170655F4150504C59223E0A20202020202020203C6F6D6764633A426F756E6473206865696768743D2238302E30222077696474683D223130302E302220783D223136352E302220793D223138332E30223E3C2F6F6D6764633A426F756E64733E0A2020202020203C2F62706D6E64693A42504D4E53686170653E0A2020202020203C62706D6E64693A42504D4E456467652062706D6E456C656D656E743D227369642D33384644303739452D303944322D343233312D393145462D314245323246443944443436222069643D2242504D4E456467655F7369642D33384644303739452D303944322D343233312D393145462D314245323246443944443436223E0A20202020202020203C6F6D6764693A776179706F696E7420783D223633352E353534393133323934373937362220793D223232302E34343530383637303532303233223E3C2F6F6D6764693A776179706F696E743E0A20202020202020203C6F6D6764693A776179706F696E7420783D223737362E303030303538313334383237312220793D223232302E3034303334353635333739303133223E3C2F6F6D6764693A776179706F696E743E0A2020202020203C2F62706D6E64693A42504D4E456467653E0A2020202020203C62706D6E64693A42504D4E456467652062706D6E456C656D656E743D227369642D34443636324346302D413135372D343737412D414337332D373333343834314546313335222069643D2242504D4E456467655F7369642D34443636324346302D413135372D343737412D414337332D373333343834314546313335223E0A20202020202020203C6F6D6764693A776179706F696E7420783D223632342E313235353730373736323535372220793D223230382E31323535373037373632353537223E3C2F6F6D6764693A776179706F696E743E0A20202020202020203C6F6D6764693A776179706F696E7420783D223637352E333530353533353035353335312220793D223132352E30223E3C2F6F6D6764693A776179706F696E743E0A2020202020203C2F62706D6E64693A42504D4E456467653E0A2020202020203C62706D6E64693A42504D4E456467652062706D6E456C656D656E743D227369642D33424430433730372D444336442D343045422D423735442D393445413745374435314436222069643D2242504D4E456467655F7369642D33424430433730372D444336442D343045422D423735442D393445413745374435314436223E0A20202020202020203C6F6D6764693A776179706F696E7420783D223431352E302220793D223232312E3838383838383838383838383839223E3C2F6F6D6764693A776179706F696E743E0A20202020202020203C6F6D6764693A776179706F696E7420783D223435302E302220793D223232312E3131313131313131313131313131223E3C2F6F6D6764693A776179706F696E743E0A2020202020203C2F62706D6E64693A42504D4E456467653E0A2020202020203C62706D6E64693A42504D4E456467652062706D6E456C656D656E743D227369642D43313445393339302D373242382D344230352D424343342D303435443643354335324433222069643D2242504D4E456467655F7369642D43313445393339302D373242382D344230352D424343342D303435443643354335324433223E0A20202020202020203C6F6D6764693A776179706F696E7420783D223236352E302220793D223232332E30223E3C2F6F6D6764693A776179706F696E743E0A20202020202020203C6F6D6764693A776179706F696E7420783D223331352E302220793D223232332E30223E3C2F6F6D6764693A776179706F696E743E0A2020202020203C2F62706D6E64693A42504D4E456467653E0A2020202020203C62706D6E64693A42504D4E456467652062706D6E456C656D656E743D227369642D43453738304142382D323039392D343646302D413639332D333135383230443241363930222069643D2242504D4E456467655F7369642D43453738304142382D323039392D343646302D413639332D333135383230443241363930223E0A20202020202020203C6F6D6764693A776179706F696E7420783D223732362E363636363636363636363636362220793D223132352E30223E3C2F6F6D6764693A776179706F696E743E0A20202020202020203C6F6D6764693A776179706F696E7420783D223738322E323334313937323532383436382220793D223230382E33353132393538373932373032223E3C2F6F6D6764693A776179706F696E743E0A2020202020203C2F62706D6E64693A42504D4E456467653E0A2020202020203C62706D6E64693A42504D4E456467652062706D6E456C656D656E743D227369642D32343944383730302D423941432D343335442D394441342D443139373034314433383243222069643D2242504D4E456467655F7369642D32343944383730302D423941432D343335442D394441342D443139373034314433383243223E0A20202020202020203C6F6D6764693A776179706F696E7420783D223535302E302220793D223232302E3231343539323237343637383133223E3C2F6F6D6764693A776179706F696E743E0A20202020202020203C6F6D6764693A776179706F696E7420783D223539362E343133373933313033343438332220793D223232302E3431333739333130333434383238223E3C2F6F6D6764693A776179706F696E743E0A2020202020203C2F62706D6E64693A42504D4E456467653E0A2020202020203C62706D6E64693A42504D4E456467652062706D6E456C656D656E743D227369642D46414438374345332D443544412D344632332D413532462D324433354539303131423644222069643D2242504D4E456467655F7369642D46414438374345332D443544412D344632332D413532462D324433354539303131423644223E0A20202020202020203C6F6D6764693A776179706F696E7420783D223132302E302220793D223232332E30223E3C2F6F6D6764693A776179706F696E743E0A20202020202020203C6F6D6764693A776179706F696E7420783D223136352E302220793D223232332E30223E3C2F6F6D6764693A776179706F696E743E0A2020202020203C2F62706D6E64693A42504D4E456467653E0A202020203C2F62706D6E64693A42504D4E506C616E653E0A20203C2F62706D6E64693A42504D4E4469616772616D3E0A3C2F62706D6E323A646566696E6974696F6E733E, 0);

-- ----------------------------
-- Table structure for act_ge_property
-- ----------------------------
DROP TABLE IF EXISTS `act_ge_property`;
CREATE TABLE `act_ge_property`  (
  `NAME_` varchar(64) CHARACTER SET utf8 COLLATE utf8_bin NOT NULL DEFAULT '',
  `VALUE_` varchar(300) CHARACTER SET utf8 COLLATE utf8_bin NULL DEFAULT NULL,
  `REV_` int(11) NULL DEFAULT NULL,
  PRIMARY KEY (`NAME_`) USING BTREE
) ENGINE = InnoDB CHARACTER SET = utf8 COLLATE = utf8_bin ROW_FORMAT = Compact;

-- ----------------------------
-- Records of act_ge_property
-- ----------------------------
INSERT INTO `act_ge_property` VALUES ('cfg.execution-related-entities-count', 'false', 1);
INSERT INTO `act_ge_property` VALUES ('next.dbid', '1', 1);
INSERT INTO `act_ge_property` VALUES ('schema.history', 'create(7.0.0.0)', 1);
INSERT INTO `act_ge_property` VALUES ('schema.version', '7.0.0.0', 1);

-- ----------------------------
-- Table structure for act_hi_actinst
-- ----------------------------
DROP TABLE IF EXISTS `act_hi_actinst`;
CREATE TABLE `act_hi_actinst`  (
  `ID_` varchar(64) CHARACTER SET utf8 COLLATE utf8_bin NOT NULL,
  `PROC_DEF_ID_` varchar(64) CHARACTER SET utf8 COLLATE utf8_bin NOT NULL,
  `PROC_INST_ID_` varchar(64) CHARACTER SET utf8 COLLATE utf8_bin NOT NULL,
  `EXECUTION_ID_` varchar(64) CHARACTER SET utf8 COLLATE utf8_bin NOT NULL,
  `ACT_ID_` varchar(255) CHARACTER SET utf8 COLLATE utf8_bin NOT NULL,
  `TASK_ID_` varchar(64) CHARACTER SET utf8 COLLATE utf8_bin NULL DEFAULT NULL,
  `CALL_PROC_INST_ID_` varchar(64) CHARACTER SET utf8 COLLATE utf8_bin NULL DEFAULT NULL,
  `ACT_NAME_` varchar(255) CHARACTER SET utf8 COLLATE utf8_bin NULL DEFAULT NULL,
  `ACT_TYPE_` varchar(255) CHARACTER SET utf8 COLLATE utf8_bin NOT NULL,
  `ASSIGNEE_` varchar(255) CHARACTER SET utf8 COLLATE utf8_bin NULL DEFAULT NULL,
  `START_TIME_` datetime(0) NOT NULL,
  `END_TIME_` datetime(0) NULL DEFAULT NULL,
  `DURATION_` bigint(20) NULL DEFAULT NULL,
  `DELETE_REASON_` varchar(4000) CHARACTER SET utf8 COLLATE utf8_bin NULL DEFAULT NULL,
  `TENANT_ID_` varchar(255) CHARACTER SET utf8 COLLATE utf8_bin NULL DEFAULT '',
  PRIMARY KEY (`ID_`) USING BTREE,
  INDEX `ACT_IDX_HI_ACT_INST_START`(`START_TIME_`) USING BTREE,
  INDEX `ACT_IDX_HI_ACT_INST_END`(`END_TIME_`) USING BTREE,
  INDEX `ACT_IDX_HI_ACT_INST_PROCINST`(`PROC_INST_ID_`, `ACT_ID_`) USING BTREE,
  INDEX `ACT_IDX_HI_ACT_INST_EXEC`(`EXECUTION_ID_`, `ACT_ID_`) USING BTREE
) ENGINE = InnoDB CHARACTER SET = utf8 COLLATE = utf8_bin ROW_FORMAT = Compact;

-- ----------------------------
-- Records of act_hi_actinst
-- ----------------------------
INSERT INTO `act_hi_actinst` VALUES ('053533af-6ce3-11ea-9169-606dc70da7a3', 'process_leave:1:0d9a2f54-6cda-11ea-a34e-606dc70da7a3', 'a44af028-6ce0-11ea-9169-606dc70da7a3', 'a44b173b-6ce0-11ea-9169-606dc70da7a3', 'sid-66D613A5-7950-475E-B4AE-A3CD8F4E0AA8', NULL, NULL, NULL, 'exclusiveGateway', NULL, '2020-03-23 16:48:08', '2020-03-23 16:48:08', 2, NULL, '1');
INSERT INTO `act_hi_actinst` VALUES ('0535cff0-6ce3-11ea-9169-606dc70da7a3', 'process_leave:1:0d9a2f54-6cda-11ea-a34e-606dc70da7a3', 'a44af028-6ce0-11ea-9169-606dc70da7a3', 'a44b173b-6ce0-11ea-9169-606dc70da7a3', 'PI', '0535cff1-6ce3-11ea-9169-606dc70da7a3', NULL, '领导审批', 'userTask', NULL, '2020-03-23 16:48:08', NULL, NULL, NULL, '1');
INSERT INTO `act_hi_actinst` VALUES ('0579cf9e-6cde-11ea-9169-606dc70da7a3', 'process_leave:1:0d9a2f54-6cda-11ea-a34e-606dc70da7a3', '0579a88a-6cde-11ea-9169-606dc70da7a3', '0579cf9d-6cde-11ea-9169-606dc70da7a3', 'START', NULL, NULL, '开始', 'startEvent', NULL, '2020-03-23 16:12:21', '2020-03-23 16:12:21', 0, NULL, '1');
INSERT INTO `act_hi_actinst` VALUES ('0579cf9f-6cde-11ea-9169-606dc70da7a3', 'process_leave:1:0d9a2f54-6cda-11ea-a34e-606dc70da7a3', '0579a88a-6cde-11ea-9169-606dc70da7a3', '0579cf9d-6cde-11ea-9169-606dc70da7a3', 'APPLY', '0579cfa0-6cde-11ea-9169-606dc70da7a3', NULL, '提交申请', 'userTask', NULL, '2020-03-23 16:12:21', NULL, NULL, NULL, '1');
INSERT INTO `act_hi_actinst` VALUES ('057effc8-6cde-11ea-9169-606dc70da7a3', 'process_leave:1:0d9a2f54-6cda-11ea-a34e-606dc70da7a3', '057effc4-6cde-11ea-9169-606dc70da7a3', '057effc7-6cde-11ea-9169-606dc70da7a3', 'START', NULL, NULL, '开始', 'startEvent', NULL, '2020-03-23 16:12:21', '2020-03-23 16:12:21', 0, NULL, '1');
INSERT INTO `act_hi_actinst` VALUES ('057f26d9-6cde-11ea-9169-606dc70da7a3', 'process_leave:1:0d9a2f54-6cda-11ea-a34e-606dc70da7a3', '057effc4-6cde-11ea-9169-606dc70da7a3', '057effc7-6cde-11ea-9169-606dc70da7a3', 'APPLY', '057f26da-6cde-11ea-9169-606dc70da7a3', NULL, '提交申请', 'userTask', NULL, '2020-03-23 16:12:21', '2020-03-23 16:12:21', 945, NULL, '1');
INSERT INTO `act_hi_actinst` VALUES ('058652cf-6cde-11ea-9169-606dc70da7a3', 'process_leave:1:0d9a2f54-6cda-11ea-a34e-606dc70da7a3', '057effc4-6cde-11ea-9169-606dc70da7a3', '057effc7-6cde-11ea-9169-606dc70da7a3', 'CHU', '058652d0-6cde-11ea-9169-606dc70da7a3', NULL, '初审', 'userTask', NULL, '2020-03-23 16:12:21', NULL, NULL, NULL, '1');
INSERT INTO `act_hi_actinst` VALUES ('065509c6-6cdd-11ea-9169-606dc70da7a3', 'process_leave:1:0d9a2f54-6cda-11ea-a34e-606dc70da7a3', 'f225800b-6cdc-11ea-9169-606dc70da7a3', 'f225f53e-6cdc-11ea-9169-606dc70da7a3', 'CHU', '065509c7-6cdd-11ea-9169-606dc70da7a3', NULL, '初审', 'userTask', NULL, '2020-03-23 16:05:13', '2020-03-23 16:05:32', 19961, NULL, '1');
INSERT INTO `act_hi_actinst` VALUES ('1186c0db-6cdc-11ea-9169-606dc70da7a3', 'process_leave:1:0d9a2f54-6cda-11ea-a34e-606dc70da7a3', '77f24e55-6cda-11ea-a34e-606dc70da7a3', '77f27568-6cda-11ea-a34e-606dc70da7a3', 'END', NULL, NULL, '结束', 'endEvent', NULL, '2020-03-23 15:58:23', '2020-03-23 15:58:23', 0, NULL, '1');
INSERT INTO `act_hi_actinst` VALUES ('11c0512c-6cdd-11ea-9169-606dc70da7a3', 'process_leave:1:0d9a2f54-6cda-11ea-a34e-606dc70da7a3', 'f225800b-6cdc-11ea-9169-606dc70da7a3', 'f225f53e-6cdc-11ea-9169-606dc70da7a3', 'FU', '11c0783d-6cdd-11ea-9169-606dc70da7a3', NULL, '复审', 'userTask', NULL, '2020-03-23 16:05:32', '2020-03-23 16:05:47', 15725, NULL, '1');
INSERT INTO `act_hi_actinst` VALUES ('13fb1198-6cdb-11ea-9169-606dc70da7a3', 'process_leave:1:0d9a2f54-6cda-11ea-a34e-606dc70da7a3', '77f24e55-6cda-11ea-a34e-606dc70da7a3', '77f27568-6cda-11ea-a34e-606dc70da7a3', 'CHU', '14001aa9-6cdb-11ea-9169-606dc70da7a3', NULL, '初审', 'userTask', NULL, '2020-03-23 15:51:17', '2020-03-23 15:52:16', 59473, NULL, '1');
INSERT INTO `act_hi_actinst` VALUES ('1a8d1ff2-6cdd-11ea-9169-606dc70da7a3', 'process_leave:1:0d9a2f54-6cda-11ea-a34e-606dc70da7a3', 'f225800b-6cdc-11ea-9169-606dc70da7a3', 'f225f53e-6cdc-11ea-9169-606dc70da7a3', 'sid-66D613A5-7950-475E-B4AE-A3CD8F4E0AA8', NULL, NULL, NULL, 'exclusiveGateway', NULL, '2020-03-23 16:05:47', '2020-03-23 16:05:47', 1, NULL, '1');
INSERT INTO `act_hi_actinst` VALUES ('1a8d4703-6cdd-11ea-9169-606dc70da7a3', 'process_leave:1:0d9a2f54-6cda-11ea-a34e-606dc70da7a3', 'f225800b-6cdc-11ea-9169-606dc70da7a3', 'f225f53e-6cdc-11ea-9169-606dc70da7a3', 'PI', '1a8d6e14-6cdd-11ea-9169-606dc70da7a3', NULL, '领导审批', 'userTask', NULL, '2020-03-23 16:05:47', '2020-03-23 16:06:55', 68170, NULL, '1');
INSERT INTO `act_hi_actinst` VALUES ('1bdfc1e6-6ce9-11ea-9169-606dc70da7a3', 'process_leave:1:0d9a2f54-6cda-11ea-a34e-606dc70da7a3', '1bdfc1e2-6ce9-11ea-9169-606dc70da7a3', '1bdfc1e5-6ce9-11ea-9169-606dc70da7a3', 'START', NULL, NULL, '开始', 'startEvent', NULL, '2020-03-23 17:31:43', '2020-03-23 17:31:43', 0, NULL, '1');
INSERT INTO `act_hi_actinst` VALUES ('1bdfc1e7-6ce9-11ea-9169-606dc70da7a3', 'process_leave:1:0d9a2f54-6cda-11ea-a34e-606dc70da7a3', '1bdfc1e2-6ce9-11ea-9169-606dc70da7a3', '1bdfc1e5-6ce9-11ea-9169-606dc70da7a3', 'APPLY', '1bdfe8f8-6ce9-11ea-9169-606dc70da7a3', NULL, '提交申请', 'userTask', NULL, '2020-03-23 17:31:43', '2020-03-23 17:32:03', 20473, NULL, '1');
INSERT INTO `act_hi_actinst` VALUES ('1be651a0-6ce9-11ea-9169-606dc70da7a3', 'process_leave:1:0d9a2f54-6cda-11ea-a34e-606dc70da7a3', '1be6519c-6ce9-11ea-9169-606dc70da7a3', '1be6519f-6ce9-11ea-9169-606dc70da7a3', 'START', NULL, NULL, '开始', 'startEvent', NULL, '2020-03-23 17:31:43', '2020-03-23 17:31:43', 0, NULL, '1');
INSERT INTO `act_hi_actinst` VALUES ('1be651a1-6ce9-11ea-9169-606dc70da7a3', 'process_leave:1:0d9a2f54-6cda-11ea-a34e-606dc70da7a3', '1be6519c-6ce9-11ea-9169-606dc70da7a3', '1be6519f-6ce9-11ea-9169-606dc70da7a3', 'APPLY', '1be651a2-6ce9-11ea-9169-606dc70da7a3', NULL, '提交申请', 'userTask', NULL, '2020-03-23 17:31:43', '2020-03-23 17:31:43', 994, NULL, '1');
INSERT INTO `act_hi_actinst` VALUES ('1bed5687-6ce9-11ea-9169-606dc70da7a3', 'process_leave:1:0d9a2f54-6cda-11ea-a34e-606dc70da7a3', '1be6519c-6ce9-11ea-9169-606dc70da7a3', '1be6519f-6ce9-11ea-9169-606dc70da7a3', 'CHU', '1bed5688-6ce9-11ea-9169-606dc70da7a3', NULL, '初审', 'userTask', NULL, '2020-03-23 17:31:43', NULL, NULL, NULL, '1');
INSERT INTO `act_hi_actinst` VALUES ('278998fd-6ce9-11ea-9169-606dc70da7a3', 'process_leave:1:0d9a2f54-6cda-11ea-a34e-606dc70da7a3', '1bdfc1e2-6ce9-11ea-9169-606dc70da7a3', '1bdfc1e5-6ce9-11ea-9169-606dc70da7a3', 'CHU', '2789c00e-6ce9-11ea-9169-606dc70da7a3', NULL, '初审', 'userTask', NULL, '2020-03-23 17:32:03', '2020-03-23 17:32:07', 4203, NULL, '1');
INSERT INTO `act_hi_actinst` VALUES ('282f3abd-6cdc-11ea-9169-606dc70da7a3', 'process_leave:1:0d9a2f54-6cda-11ea-a34e-606dc70da7a3', '77f77e7f-6cda-11ea-a34e-606dc70da7a3', '77f77e82-6cda-11ea-a34e-606dc70da7a3', 'FU', '282f3abe-6cdc-11ea-9169-606dc70da7a3', NULL, '复审', 'userTask', NULL, '2020-03-23 15:59:01', '2020-03-23 15:59:05', 4159, NULL, '1');
INSERT INTO `act_hi_actinst` VALUES ('29c2c023-6ce9-11ea-9169-606dc70da7a3', 'process_leave:1:0d9a2f54-6cda-11ea-a34e-606dc70da7a3', '1bdfc1e2-6ce9-11ea-9169-606dc70da7a3', '1bdfc1e5-6ce9-11ea-9169-606dc70da7a3', 'FU', '29c2e734-6ce9-11ea-9169-606dc70da7a3', NULL, '复审', 'userTask', NULL, '2020-03-23 17:32:07', '2020-03-23 17:32:27', 20632, NULL, '1');
INSERT INTO `act_hi_actinst` VALUES ('2a9a6e63-6cdc-11ea-9169-606dc70da7a3', 'process_leave:1:0d9a2f54-6cda-11ea-a34e-606dc70da7a3', '77f77e7f-6cda-11ea-a34e-606dc70da7a3', '77f77e82-6cda-11ea-a34e-606dc70da7a3', 'sid-66D613A5-7950-475E-B4AE-A3CD8F4E0AA8', NULL, NULL, NULL, 'exclusiveGateway', NULL, '2020-03-23 15:59:05', '2020-03-23 15:59:05', 2, NULL, '1');
INSERT INTO `act_hi_actinst` VALUES ('2a9ae394-6cdc-11ea-9169-606dc70da7a3', 'process_leave:1:0d9a2f54-6cda-11ea-a34e-606dc70da7a3', '77f77e7f-6cda-11ea-a34e-606dc70da7a3', '77f77e82-6cda-11ea-a34e-606dc70da7a3', 'PI', '2a9ae395-6cdc-11ea-9169-606dc70da7a3', NULL, '领导审批', 'userTask', NULL, '2020-03-23 15:59:05', '2020-03-23 15:59:15', 10322, NULL, '1');
INSERT INTO `act_hi_actinst` VALUES ('30a92e9a-6cdc-11ea-9169-606dc70da7a3', 'process_leave:1:0d9a2f54-6cda-11ea-a34e-606dc70da7a3', '77f77e7f-6cda-11ea-a34e-606dc70da7a3', '77f77e82-6cda-11ea-a34e-606dc70da7a3', 'END', NULL, NULL, '结束', 'endEvent', NULL, '2020-03-23 15:59:15', '2020-03-23 15:59:15', 0, NULL, '1');
INSERT INTO `act_hi_actinst` VALUES ('35eff7f9-6ce9-11ea-9169-606dc70da7a3', 'process_leave:1:0d9a2f54-6cda-11ea-a34e-606dc70da7a3', '1bdfc1e2-6ce9-11ea-9169-606dc70da7a3', '1bdfc1e5-6ce9-11ea-9169-606dc70da7a3', 'sid-66D613A5-7950-475E-B4AE-A3CD8F4E0AA8', NULL, NULL, NULL, 'exclusiveGateway', NULL, '2020-03-23 17:32:27', '2020-03-23 17:32:27', 1, NULL, '1');
INSERT INTO `act_hi_actinst` VALUES ('35f0461a-6ce9-11ea-9169-606dc70da7a3', 'process_leave:1:0d9a2f54-6cda-11ea-a34e-606dc70da7a3', '1bdfc1e2-6ce9-11ea-9169-606dc70da7a3', '1bdfc1e5-6ce9-11ea-9169-606dc70da7a3', 'PI', '35f0461b-6ce9-11ea-9169-606dc70da7a3', NULL, '领导审批', 'userTask', NULL, '2020-03-23 17:32:27', '2020-03-23 17:32:41', 14124, NULL, '1');
INSERT INTO `act_hi_actinst` VALUES ('3701e56e-6cdb-11ea-9169-606dc70da7a3', 'process_leave:1:0d9a2f54-6cda-11ea-a34e-606dc70da7a3', '77f24e55-6cda-11ea-a34e-606dc70da7a3', '77f27568-6cda-11ea-a34e-606dc70da7a3', 'FU', '37020c7f-6cdb-11ea-9169-606dc70da7a3', NULL, '复审', 'userTask', NULL, '2020-03-23 15:52:16', '2020-03-23 15:56:22', 246580, NULL, '1');
INSERT INTO `act_hi_actinst` VALUES ('3dfaae40-6ce9-11ea-9169-606dc70da7a3', 'process_leave:1:0d9a2f54-6cda-11ea-a34e-606dc70da7a3', '1bdfc1e2-6ce9-11ea-9169-606dc70da7a3', '1bdfc1e5-6ce9-11ea-9169-606dc70da7a3', 'END', NULL, NULL, '结束', 'endEvent', NULL, '2020-03-23 17:32:41', '2020-03-23 17:32:41', 0, NULL, '1');
INSERT INTO `act_hi_actinst` VALUES ('42c06a49-6cdd-11ea-9169-606dc70da7a3', 'process_leave:1:0d9a2f54-6cda-11ea-a34e-606dc70da7a3', 'f225800b-6cdc-11ea-9169-606dc70da7a3', 'f225f53e-6cdc-11ea-9169-606dc70da7a3', 'END', NULL, NULL, '结束', 'endEvent', NULL, '2020-03-23 16:06:55', '2020-03-23 16:06:55', 0, NULL, '1');
INSERT INTO `act_hi_actinst` VALUES ('581a9ce8-6cde-11ea-9169-606dc70da7a3', 'process_leave:1:0d9a2f54-6cda-11ea-a34e-606dc70da7a3', '581a75d4-6cde-11ea-9169-606dc70da7a3', '581a9ce7-6cde-11ea-9169-606dc70da7a3', 'START', NULL, NULL, '开始', 'startEvent', NULL, '2020-03-23 16:14:40', '2020-03-23 16:14:40', 0, NULL, '1');
INSERT INTO `act_hi_actinst` VALUES ('581a9ce9-6cde-11ea-9169-606dc70da7a3', 'process_leave:1:0d9a2f54-6cda-11ea-a34e-606dc70da7a3', '581a75d4-6cde-11ea-9169-606dc70da7a3', '581a9ce7-6cde-11ea-9169-606dc70da7a3', 'APPLY', '581a9cea-6cde-11ea-9169-606dc70da7a3', NULL, '提交申请', 'userTask', NULL, '2020-03-23 16:14:40', NULL, NULL, NULL, '1');
INSERT INTO `act_hi_actinst` VALUES ('581fcd12-6cde-11ea-9169-606dc70da7a3', 'process_leave:1:0d9a2f54-6cda-11ea-a34e-606dc70da7a3', '581fcd0e-6cde-11ea-9169-606dc70da7a3', '581fcd11-6cde-11ea-9169-606dc70da7a3', 'START', NULL, NULL, '开始', 'startEvent', NULL, '2020-03-23 16:14:40', '2020-03-23 16:14:40', 0, NULL, '1');
INSERT INTO `act_hi_actinst` VALUES ('581ff423-6cde-11ea-9169-606dc70da7a3', 'process_leave:1:0d9a2f54-6cda-11ea-a34e-606dc70da7a3', '581fcd0e-6cde-11ea-9169-606dc70da7a3', '581fcd11-6cde-11ea-9169-606dc70da7a3', 'APPLY', '581ff424-6cde-11ea-9169-606dc70da7a3', NULL, '提交申请', 'userTask', NULL, '2020-03-23 16:14:40', '2020-03-23 16:14:40', 573, NULL, '1');
INSERT INTO `act_hi_actinst` VALUES ('58274729-6cde-11ea-9169-606dc70da7a3', 'process_leave:1:0d9a2f54-6cda-11ea-a34e-606dc70da7a3', '581fcd0e-6cde-11ea-9169-606dc70da7a3', '581fcd11-6cde-11ea-9169-606dc70da7a3', 'CHU', '58276e3a-6cde-11ea-9169-606dc70da7a3', NULL, '初审', 'userTask', NULL, '2020-03-23 16:14:40', NULL, NULL, NULL, '1');
INSERT INTO `act_hi_actinst` VALUES ('702dfc12-6cdf-11ea-9169-606dc70da7a3', 'process_leave:1:0d9a2f54-6cda-11ea-a34e-606dc70da7a3', '702dfc0e-6cdf-11ea-9169-606dc70da7a3', '702dfc11-6cdf-11ea-9169-606dc70da7a3', 'START', NULL, NULL, '开始', 'startEvent', NULL, '2020-03-23 16:22:30', '2020-03-23 16:22:30', 0, NULL, '1');
INSERT INTO `act_hi_actinst` VALUES ('702dfc13-6cdf-11ea-9169-606dc70da7a3', 'process_leave:1:0d9a2f54-6cda-11ea-a34e-606dc70da7a3', '702dfc0e-6cdf-11ea-9169-606dc70da7a3', '702dfc11-6cdf-11ea-9169-606dc70da7a3', 'APPLY', '702dfc14-6cdf-11ea-9169-606dc70da7a3', NULL, '提交申请', 'userTask', NULL, '2020-03-23 16:22:30', NULL, NULL, NULL, '1');
INSERT INTO `act_hi_actinst` VALUES ('703464bc-6cdf-11ea-9169-606dc70da7a3', 'process_leave:1:0d9a2f54-6cda-11ea-a34e-606dc70da7a3', '703464b8-6cdf-11ea-9169-606dc70da7a3', '703464bb-6cdf-11ea-9169-606dc70da7a3', 'START', NULL, NULL, '开始', 'startEvent', NULL, '2020-03-23 16:22:30', '2020-03-23 16:22:30', 0, NULL, '1');
INSERT INTO `act_hi_actinst` VALUES ('703464bd-6cdf-11ea-9169-606dc70da7a3', 'process_leave:1:0d9a2f54-6cda-11ea-a34e-606dc70da7a3', '703464b8-6cdf-11ea-9169-606dc70da7a3', '703464bb-6cdf-11ea-9169-606dc70da7a3', 'APPLY', '70348bce-6cdf-11ea-9169-606dc70da7a3', NULL, '提交申请', 'userTask', NULL, '2020-03-23 16:22:30', '2020-03-23 16:22:30', 462, NULL, '1');
INSERT INTO `act_hi_actinst` VALUES ('703aa653-6cdf-11ea-9169-606dc70da7a3', 'process_leave:1:0d9a2f54-6cda-11ea-a34e-606dc70da7a3', '703464b8-6cdf-11ea-9169-606dc70da7a3', '703464bb-6cdf-11ea-9169-606dc70da7a3', 'CHU', '703acd64-6cdf-11ea-9169-606dc70da7a3', NULL, '初审', 'userTask', NULL, '2020-03-23 16:22:30', NULL, NULL, NULL, '1');
INSERT INTO `act_hi_actinst` VALUES ('77f27569-6cda-11ea-a34e-606dc70da7a3', 'process_leave:1:0d9a2f54-6cda-11ea-a34e-606dc70da7a3', '77f24e55-6cda-11ea-a34e-606dc70da7a3', '77f27568-6cda-11ea-a34e-606dc70da7a3', 'START', NULL, NULL, '开始', 'startEvent', NULL, '2020-03-23 15:46:55', '2020-03-23 15:46:55', 0, NULL, '1');
INSERT INTO `act_hi_actinst` VALUES ('77f2756a-6cda-11ea-a34e-606dc70da7a3', 'process_leave:1:0d9a2f54-6cda-11ea-a34e-606dc70da7a3', '77f24e55-6cda-11ea-a34e-606dc70da7a3', '77f27568-6cda-11ea-a34e-606dc70da7a3', 'APPLY', '77f2756b-6cda-11ea-a34e-606dc70da7a3', NULL, '提交申请', 'userTask', NULL, '2020-03-23 15:46:55', '2020-03-23 15:51:17', 262696, NULL, '1');
INSERT INTO `act_hi_actinst` VALUES ('77f77e83-6cda-11ea-a34e-606dc70da7a3', 'process_leave:1:0d9a2f54-6cda-11ea-a34e-606dc70da7a3', '77f77e7f-6cda-11ea-a34e-606dc70da7a3', '77f77e82-6cda-11ea-a34e-606dc70da7a3', 'START', NULL, NULL, '开始', 'startEvent', NULL, '2020-03-23 15:46:55', '2020-03-23 15:46:55', 0, NULL, '1');
INSERT INTO `act_hi_actinst` VALUES ('77f77e84-6cda-11ea-a34e-606dc70da7a3', 'process_leave:1:0d9a2f54-6cda-11ea-a34e-606dc70da7a3', '77f77e7f-6cda-11ea-a34e-606dc70da7a3', '77f77e82-6cda-11ea-a34e-606dc70da7a3', 'APPLY', '77f77e85-6cda-11ea-a34e-606dc70da7a3', NULL, '提交申请', 'userTask', NULL, '2020-03-23 15:46:55', '2020-03-23 15:46:56', 1010, NULL, '1');
INSERT INTO `act_hi_actinst` VALUES ('77ff1eaa-6cda-11ea-a34e-606dc70da7a3', 'process_leave:1:0d9a2f54-6cda-11ea-a34e-606dc70da7a3', '77f77e7f-6cda-11ea-a34e-606dc70da7a3', '77f77e82-6cda-11ea-a34e-606dc70da7a3', 'CHU', '77ff1eab-6cda-11ea-a34e-606dc70da7a3', NULL, '初审', 'userTask', NULL, '2020-03-23 15:46:56', '2020-03-23 15:59:01', 725099, NULL, '1');
INSERT INTO `act_hi_actinst` VALUES ('9aa1fce3-6ce1-11ea-9169-606dc70da7a3', 'process_leave:1:0d9a2f54-6cda-11ea-a34e-606dc70da7a3', 'a44af028-6ce0-11ea-9169-606dc70da7a3', 'a44b173b-6ce0-11ea-9169-606dc70da7a3', 'CHU', '9aa1fce4-6ce1-11ea-9169-606dc70da7a3', NULL, '初审', 'userTask', NULL, '2020-03-23 16:38:00', '2020-03-23 16:47:44', 584433, NULL, '1');
INSERT INTO `act_hi_actinst` VALUES ('a44b173c-6ce0-11ea-9169-606dc70da7a3', 'process_leave:1:0d9a2f54-6cda-11ea-a34e-606dc70da7a3', 'a44af028-6ce0-11ea-9169-606dc70da7a3', 'a44b173b-6ce0-11ea-9169-606dc70da7a3', 'START', NULL, NULL, '开始', 'startEvent', NULL, '2020-03-23 16:31:07', '2020-03-23 16:31:07', 0, NULL, '1');
INSERT INTO `act_hi_actinst` VALUES ('a44b173d-6ce0-11ea-9169-606dc70da7a3', 'process_leave:1:0d9a2f54-6cda-11ea-a34e-606dc70da7a3', 'a44af028-6ce0-11ea-9169-606dc70da7a3', 'a44b173b-6ce0-11ea-9169-606dc70da7a3', 'APPLY', 'a44b173e-6ce0-11ea-9169-606dc70da7a3', NULL, '提交申请', 'userTask', NULL, '2020-03-23 16:31:07', '2020-03-23 16:38:00', 413597, NULL, '1');
INSERT INTO `act_hi_actinst` VALUES ('a451a6f6-6ce0-11ea-9169-606dc70da7a3', 'process_leave:1:0d9a2f54-6cda-11ea-a34e-606dc70da7a3', 'a4517fe2-6ce0-11ea-9169-606dc70da7a3', 'a4517fe5-6ce0-11ea-9169-606dc70da7a3', 'START', NULL, NULL, '开始', 'startEvent', NULL, '2020-03-23 16:31:07', '2020-03-23 16:31:07', 0, NULL, '1');
INSERT INTO `act_hi_actinst` VALUES ('a451a6f7-6ce0-11ea-9169-606dc70da7a3', 'process_leave:1:0d9a2f54-6cda-11ea-a34e-606dc70da7a3', 'a4517fe2-6ce0-11ea-9169-606dc70da7a3', 'a4517fe5-6ce0-11ea-9169-606dc70da7a3', 'APPLY', 'a451a6f8-6ce0-11ea-9169-606dc70da7a3', NULL, '提交申请', 'userTask', NULL, '2020-03-23 16:31:07', '2020-03-23 16:31:07', 415, NULL, '1');
INSERT INTO `act_hi_actinst` VALUES ('a45b6afd-6ce0-11ea-9169-606dc70da7a3', 'process_leave:1:0d9a2f54-6cda-11ea-a34e-606dc70da7a3', 'a4517fe2-6ce0-11ea-9169-606dc70da7a3', 'a4517fe5-6ce0-11ea-9169-606dc70da7a3', 'CHU', 'a45b920e-6ce0-11ea-9169-606dc70da7a3', NULL, '初审', 'userTask', NULL, '2020-03-23 16:31:07', NULL, NULL, NULL, '1');
INSERT INTO `act_hi_actinst` VALUES ('b7aa3909-6ce8-11ea-9169-606dc70da7a3', 'process_leave:1:0d9a2f54-6cda-11ea-a34e-606dc70da7a3', 'b7aa11f5-6ce8-11ea-9169-606dc70da7a3', 'b7aa3908-6ce8-11ea-9169-606dc70da7a3', 'START', NULL, NULL, '开始', 'startEvent', NULL, '2020-03-23 17:28:55', '2020-03-23 17:28:55', 0, NULL, '1');
INSERT INTO `act_hi_actinst` VALUES ('b7aa390a-6ce8-11ea-9169-606dc70da7a3', 'process_leave:1:0d9a2f54-6cda-11ea-a34e-606dc70da7a3', 'b7aa11f5-6ce8-11ea-9169-606dc70da7a3', 'b7aa3908-6ce8-11ea-9169-606dc70da7a3', 'APPLY', 'b7aa390b-6ce8-11ea-9169-606dc70da7a3', NULL, '提交申请', 'userTask', NULL, '2020-03-23 17:28:55', '2020-03-23 17:29:19', 24686, NULL, '1');
INSERT INTO `act_hi_actinst` VALUES ('b7b0c8c3-6ce8-11ea-9169-606dc70da7a3', 'process_leave:1:0d9a2f54-6cda-11ea-a34e-606dc70da7a3', 'b7b0a1af-6ce8-11ea-9169-606dc70da7a3', 'b7b0c8c2-6ce8-11ea-9169-606dc70da7a3', 'START', NULL, NULL, '开始', 'startEvent', NULL, '2020-03-23 17:28:55', '2020-03-23 17:28:55', 0, NULL, '1');
INSERT INTO `act_hi_actinst` VALUES ('b7b0c8c4-6ce8-11ea-9169-606dc70da7a3', 'process_leave:1:0d9a2f54-6cda-11ea-a34e-606dc70da7a3', 'b7b0a1af-6ce8-11ea-9169-606dc70da7a3', 'b7b0c8c2-6ce8-11ea-9169-606dc70da7a3', 'APPLY', 'b7b0c8c5-6ce8-11ea-9169-606dc70da7a3', NULL, '提交申请', 'userTask', NULL, '2020-03-23 17:28:55', '2020-03-23 17:28:55', 881, NULL, '1');
INSERT INTO `act_hi_actinst` VALUES ('b7b97b5a-6ce8-11ea-9169-606dc70da7a3', 'process_leave:1:0d9a2f54-6cda-11ea-a34e-606dc70da7a3', 'b7b0a1af-6ce8-11ea-9169-606dc70da7a3', 'b7b0c8c2-6ce8-11ea-9169-606dc70da7a3', 'CHU', 'b7b97b5b-6ce8-11ea-9169-606dc70da7a3', NULL, '初审', 'userTask', NULL, '2020-03-23 17:28:55', NULL, NULL, NULL, '1');
INSERT INTO `act_hi_actinst` VALUES ('c5e9d630-6ce8-11ea-9169-606dc70da7a3', 'process_leave:1:0d9a2f54-6cda-11ea-a34e-606dc70da7a3', 'b7aa11f5-6ce8-11ea-9169-606dc70da7a3', 'b7aa3908-6ce8-11ea-9169-606dc70da7a3', 'CHU', 'c5e9d631-6ce8-11ea-9169-606dc70da7a3', NULL, '初审', 'userTask', NULL, '2020-03-23 17:29:19', '2020-03-23 17:29:22', 3741, NULL, '1');
INSERT INTO `act_hi_actinst` VALUES ('c7bbd716-6ce8-11ea-9169-606dc70da7a3', 'process_leave:1:0d9a2f54-6cda-11ea-a34e-606dc70da7a3', 'b7aa11f5-6ce8-11ea-9169-606dc70da7a3', 'b7aa3908-6ce8-11ea-9169-606dc70da7a3', 'FU', 'c7bbd717-6ce8-11ea-9169-606dc70da7a3', NULL, '复审', 'userTask', NULL, '2020-03-23 17:29:22', '2020-03-23 17:29:38', 16381, NULL, '1');
INSERT INTO `act_hi_actinst` VALUES ('c9b2d824-6cdb-11ea-9169-606dc70da7a3', 'process_leave:1:0d9a2f54-6cda-11ea-a34e-606dc70da7a3', '77f24e55-6cda-11ea-a34e-606dc70da7a3', '77f27568-6cda-11ea-a34e-606dc70da7a3', 'sid-66D613A5-7950-475E-B4AE-A3CD8F4E0AA8', NULL, NULL, NULL, 'exclusiveGateway', NULL, '2020-03-23 15:56:22', '2020-03-23 15:56:22', 36, NULL, '1');
INSERT INTO `act_hi_actinst` VALUES ('c9b87d75-6cdb-11ea-9169-606dc70da7a3', 'process_leave:1:0d9a2f54-6cda-11ea-a34e-606dc70da7a3', '77f24e55-6cda-11ea-a34e-606dc70da7a3', '77f27568-6cda-11ea-a34e-606dc70da7a3', 'PI', 'c9b8a486-6cdb-11ea-9169-606dc70da7a3', NULL, '领导审批', 'userTask', NULL, '2020-03-23 15:56:22', '2020-03-23 15:58:23', 121087, NULL, '1');
INSERT INTO `act_hi_actinst` VALUES ('d10e509c-6ce8-11ea-9169-606dc70da7a3', 'process_leave:1:0d9a2f54-6cda-11ea-a34e-606dc70da7a3', 'b7aa11f5-6ce8-11ea-9169-606dc70da7a3', 'b7aa3908-6ce8-11ea-9169-606dc70da7a3', 'sid-66D613A5-7950-475E-B4AE-A3CD8F4E0AA8', NULL, NULL, NULL, 'exclusiveGateway', NULL, '2020-03-23 17:29:38', '2020-03-23 17:29:38', 2, NULL, '1');
INSERT INTO `act_hi_actinst` VALUES ('d10f13ed-6ce8-11ea-9169-606dc70da7a3', 'process_leave:1:0d9a2f54-6cda-11ea-a34e-606dc70da7a3', 'b7aa11f5-6ce8-11ea-9169-606dc70da7a3', 'b7aa3908-6ce8-11ea-9169-606dc70da7a3', 'PI', 'd10f13ee-6ce8-11ea-9169-606dc70da7a3', NULL, '领导审批', 'userTask', NULL, '2020-03-23 17:29:38', NULL, NULL, NULL, '1');
INSERT INTO `act_hi_actinst` VALUES ('f2266a6f-6cdc-11ea-9169-606dc70da7a3', 'process_leave:1:0d9a2f54-6cda-11ea-a34e-606dc70da7a3', 'f225800b-6cdc-11ea-9169-606dc70da7a3', 'f225f53e-6cdc-11ea-9169-606dc70da7a3', 'START', NULL, NULL, '开始', 'startEvent', NULL, '2020-03-23 16:04:39', '2020-03-23 16:04:39', 0, NULL, '1');
INSERT INTO `act_hi_actinst` VALUES ('f2266a70-6cdc-11ea-9169-606dc70da7a3', 'process_leave:1:0d9a2f54-6cda-11ea-a34e-606dc70da7a3', 'f225800b-6cdc-11ea-9169-606dc70da7a3', 'f225f53e-6cdc-11ea-9169-606dc70da7a3', 'APPLY', 'f2266a71-6cdc-11ea-9169-606dc70da7a3', NULL, '提交申请', 'userTask', NULL, '2020-03-23 16:04:39', '2020-03-23 16:05:13', 34802, NULL, '1');
INSERT INTO `act_hi_actinst` VALUES ('f22b4b79-6cdc-11ea-9169-606dc70da7a3', 'process_leave:1:0d9a2f54-6cda-11ea-a34e-606dc70da7a3', 'f22b2465-6cdc-11ea-9169-606dc70da7a3', 'f22b2468-6cdc-11ea-9169-606dc70da7a3', 'START', NULL, NULL, '开始', 'startEvent', NULL, '2020-03-23 16:04:39', '2020-03-23 16:04:39', 0, NULL, '1');
INSERT INTO `act_hi_actinst` VALUES ('f22b4b7a-6cdc-11ea-9169-606dc70da7a3', 'process_leave:1:0d9a2f54-6cda-11ea-a34e-606dc70da7a3', 'f22b2465-6cdc-11ea-9169-606dc70da7a3', 'f22b2468-6cdc-11ea-9169-606dc70da7a3', 'APPLY', 'f22b4b7b-6cdc-11ea-9169-606dc70da7a3', NULL, '提交申请', 'userTask', NULL, '2020-03-23 16:04:39', '2020-03-23 16:04:40', 1021, NULL, '1');
INSERT INTO `act_hi_actinst` VALUES ('f2325060-6cdc-11ea-9169-606dc70da7a3', 'process_leave:1:0d9a2f54-6cda-11ea-a34e-606dc70da7a3', 'f22b2465-6cdc-11ea-9169-606dc70da7a3', 'f22b2468-6cdc-11ea-9169-606dc70da7a3', 'CHU', 'f2327771-6cdc-11ea-9169-606dc70da7a3', NULL, '初审', 'userTask', NULL, '2020-03-23 16:04:40', NULL, NULL, NULL, '1');
INSERT INTO `act_hi_actinst` VALUES ('f6a071b9-6ce2-11ea-9169-606dc70da7a3', 'process_leave:1:0d9a2f54-6cda-11ea-a34e-606dc70da7a3', 'a44af028-6ce0-11ea-9169-606dc70da7a3', 'a44b173b-6ce0-11ea-9169-606dc70da7a3', 'FU', 'f6a071ba-6ce2-11ea-9169-606dc70da7a3', NULL, '复审', 'userTask', NULL, '2020-03-23 16:47:44', '2020-03-23 16:48:08', 24897, NULL, '1');

-- ----------------------------
-- Table structure for act_hi_attachment
-- ----------------------------
DROP TABLE IF EXISTS `act_hi_attachment`;
CREATE TABLE `act_hi_attachment`  (
  `ID_` varchar(64) CHARACTER SET utf8 COLLATE utf8_bin NOT NULL,
  `REV_` int(11) NULL DEFAULT NULL,
  `USER_ID_` varchar(255) CHARACTER SET utf8 COLLATE utf8_bin NULL DEFAULT NULL,
  `NAME_` varchar(255) CHARACTER SET utf8 COLLATE utf8_bin NULL DEFAULT NULL,
  `DESCRIPTION_` varchar(4000) CHARACTER SET utf8 COLLATE utf8_bin NULL DEFAULT NULL,
  `TYPE_` varchar(255) CHARACTER SET utf8 COLLATE utf8_bin NULL DEFAULT NULL,
  `TASK_ID_` varchar(64) CHARACTER SET utf8 COLLATE utf8_bin NULL DEFAULT NULL,
  `PROC_INST_ID_` varchar(64) CHARACTER SET utf8 COLLATE utf8_bin NULL DEFAULT NULL,
  `URL_` varchar(4000) CHARACTER SET utf8 COLLATE utf8_bin NULL DEFAULT NULL,
  `CONTENT_ID_` varchar(64) CHARACTER SET utf8 COLLATE utf8_bin NULL DEFAULT NULL,
  `TIME_` datetime(0) NULL DEFAULT NULL,
  PRIMARY KEY (`ID_`) USING BTREE
) ENGINE = InnoDB CHARACTER SET = utf8 COLLATE = utf8_bin ROW_FORMAT = Compact;

-- ----------------------------
-- Records of act_hi_attachment
-- ----------------------------

-- ----------------------------
-- Table structure for act_hi_comment
-- ----------------------------
DROP TABLE IF EXISTS `act_hi_comment`;
CREATE TABLE `act_hi_comment`  (
  `ID_` varchar(64) CHARACTER SET utf8 COLLATE utf8_bin NOT NULL,
  `TYPE_` varchar(255) CHARACTER SET utf8 COLLATE utf8_bin NULL DEFAULT NULL,
  `TIME_` datetime(0) NOT NULL,
  `USER_ID_` varchar(255) CHARACTER SET utf8 COLLATE utf8_bin NULL DEFAULT NULL,
  `TASK_ID_` varchar(64) CHARACTER SET utf8 COLLATE utf8_bin NULL DEFAULT NULL,
  `PROC_INST_ID_` varchar(64) CHARACTER SET utf8 COLLATE utf8_bin NULL DEFAULT NULL,
  `ACTION_` varchar(255) CHARACTER SET utf8 COLLATE utf8_bin NULL DEFAULT NULL,
  `MESSAGE_` varchar(4000) CHARACTER SET utf8 COLLATE utf8_bin NULL DEFAULT NULL,
  `FULL_MSG_` longblob NULL,
  PRIMARY KEY (`ID_`) USING BTREE
) ENGINE = InnoDB CHARACTER SET = utf8 COLLATE = utf8_bin ROW_FORMAT = Compact;

-- ----------------------------
-- Records of act_hi_comment
-- ----------------------------

-- ----------------------------
-- Table structure for act_hi_detail
-- ----------------------------
DROP TABLE IF EXISTS `act_hi_detail`;
CREATE TABLE `act_hi_detail`  (
  `ID_` varchar(64) CHARACTER SET utf8 COLLATE utf8_bin NOT NULL,
  `TYPE_` varchar(255) CHARACTER SET utf8 COLLATE utf8_bin NOT NULL,
  `PROC_INST_ID_` varchar(64) CHARACTER SET utf8 COLLATE utf8_bin NULL DEFAULT NULL,
  `EXECUTION_ID_` varchar(64) CHARACTER SET utf8 COLLATE utf8_bin NULL DEFAULT NULL,
  `TASK_ID_` varchar(64) CHARACTER SET utf8 COLLATE utf8_bin NULL DEFAULT NULL,
  `ACT_INST_ID_` varchar(64) CHARACTER SET utf8 COLLATE utf8_bin NULL DEFAULT NULL,
  `NAME_` varchar(255) CHARACTER SET utf8 COLLATE utf8_bin NOT NULL,
  `VAR_TYPE_` varchar(255) CHARACTER SET utf8 COLLATE utf8_bin NULL DEFAULT NULL,
  `REV_` int(11) NULL DEFAULT NULL,
  `TIME_` datetime(0) NOT NULL,
  `BYTEARRAY_ID_` varchar(64) CHARACTER SET utf8 COLLATE utf8_bin NULL DEFAULT NULL,
  `DOUBLE_` double NULL DEFAULT NULL,
  `LONG_` bigint(20) NULL DEFAULT NULL,
  `TEXT_` varchar(4000) CHARACTER SET utf8 COLLATE utf8_bin NULL DEFAULT NULL,
  `TEXT2_` varchar(4000) CHARACTER SET utf8 COLLATE utf8_bin NULL DEFAULT NULL,
  PRIMARY KEY (`ID_`) USING BTREE,
  INDEX `ACT_IDX_HI_DETAIL_PROC_INST`(`PROC_INST_ID_`) USING BTREE,
  INDEX `ACT_IDX_HI_DETAIL_ACT_INST`(`ACT_INST_ID_`) USING BTREE,
  INDEX `ACT_IDX_HI_DETAIL_TIME`(`TIME_`) USING BTREE,
  INDEX `ACT_IDX_HI_DETAIL_NAME`(`NAME_`) USING BTREE,
  INDEX `ACT_IDX_HI_DETAIL_TASK_ID`(`TASK_ID_`) USING BTREE
) ENGINE = InnoDB CHARACTER SET = utf8 COLLATE = utf8_bin ROW_FORMAT = Compact;

-- ----------------------------
-- Records of act_hi_detail
-- ----------------------------
INSERT INTO `act_hi_detail` VALUES ('053310ce-6ce3-11ea-9169-606dc70da7a3', 'VariableUpdate', 'a44af028-6ce0-11ea-9169-606dc70da7a3', 'a44af028-6ce0-11ea-9169-606dc70da7a3', NULL, NULL, 'days', 'integer', 1, '2020-03-23 16:48:08', NULL, NULL, 9, '9', NULL);
INSERT INTO `act_hi_detail` VALUES ('05361e13-6ce3-11ea-9169-606dc70da7a3', 'VariableUpdate', 'a44af028-6ce0-11ea-9169-606dc70da7a3', 'a44b173b-6ce0-11ea-9169-606dc70da7a3', '0535cff1-6ce3-11ea-9169-606dc70da7a3', NULL, 'days', 'integer', 0, '2020-03-23 16:48:08', NULL, NULL, 9, '9', NULL);
INSERT INTO `act_hi_detail` VALUES ('0579cf9c-6cde-11ea-9169-606dc70da7a3', 'VariableUpdate', '0579a88a-6cde-11ea-9169-606dc70da7a3', '0579a88a-6cde-11ea-9169-606dc70da7a3', NULL, NULL, 'days', 'double', 0, '2020-03-23 16:12:21', NULL, 1.5, NULL, NULL, NULL);
INSERT INTO `act_hi_detail` VALUES ('0579f6b2-6cde-11ea-9169-606dc70da7a3', 'VariableUpdate', '0579a88a-6cde-11ea-9169-606dc70da7a3', '0579cf9d-6cde-11ea-9169-606dc70da7a3', '0579cfa0-6cde-11ea-9169-606dc70da7a3', NULL, 'days', 'double', 0, '2020-03-23 16:12:21', NULL, 1.5, NULL, NULL, NULL);
INSERT INTO `act_hi_detail` VALUES ('057effc6-6cde-11ea-9169-606dc70da7a3', 'VariableUpdate', '057effc4-6cde-11ea-9169-606dc70da7a3', '057effc4-6cde-11ea-9169-606dc70da7a3', NULL, NULL, 'days', 'double', 0, '2020-03-23 16:12:21', NULL, 1.5, NULL, NULL, NULL);
INSERT INTO `act_hi_detail` VALUES ('057f4dec-6cde-11ea-9169-606dc70da7a3', 'VariableUpdate', '057effc4-6cde-11ea-9169-606dc70da7a3', '057effc7-6cde-11ea-9169-606dc70da7a3', '057f26da-6cde-11ea-9169-606dc70da7a3', NULL, 'days', 'double', 0, '2020-03-23 16:12:21', NULL, 1.5, NULL, NULL, NULL);
INSERT INTO `act_hi_detail` VALUES ('0585415e-6cde-11ea-9169-606dc70da7a3', 'VariableUpdate', '057effc4-6cde-11ea-9169-606dc70da7a3', '057effc4-6cde-11ea-9169-606dc70da7a3', NULL, NULL, 'days', 'double', 1, '2020-03-23 16:12:21', NULL, 1.5, NULL, NULL, NULL);
INSERT INTO `act_hi_detail` VALUES ('058679e2-6cde-11ea-9169-606dc70da7a3', 'VariableUpdate', '057effc4-6cde-11ea-9169-606dc70da7a3', '057effc7-6cde-11ea-9169-606dc70da7a3', '058652d0-6cde-11ea-9169-606dc70da7a3', NULL, 'days', 'double', 0, '2020-03-23 16:12:21', NULL, 1.5, NULL, NULL, NULL);
INSERT INTO `act_hi_detail` VALUES ('0653aa35-6cdd-11ea-9169-606dc70da7a3', 'VariableUpdate', 'f225800b-6cdc-11ea-9169-606dc70da7a3', 'f225800b-6cdc-11ea-9169-606dc70da7a3', NULL, NULL, 'days', 'integer', 1, '2020-03-23 16:05:13', NULL, NULL, 12, '12', NULL);
INSERT INTO `act_hi_detail` VALUES ('065557e9-6cdd-11ea-9169-606dc70da7a3', 'VariableUpdate', 'f225800b-6cdc-11ea-9169-606dc70da7a3', 'f225f53e-6cdc-11ea-9169-606dc70da7a3', '065509c7-6cdd-11ea-9169-606dc70da7a3', NULL, 'days', 'integer', 0, '2020-03-23 16:05:13', NULL, NULL, 12, '12', NULL);
INSERT INTO `act_hi_detail` VALUES ('118401ba-6cdc-11ea-9169-606dc70da7a3', 'VariableUpdate', '77f24e55-6cda-11ea-a34e-606dc70da7a3', '77f24e55-6cda-11ea-a34e-606dc70da7a3', NULL, NULL, 'days', 'integer', 1, '2020-03-23 15:58:23', NULL, NULL, 15, '15', NULL);
INSERT INTO `act_hi_detail` VALUES ('11be555b-6cdd-11ea-9169-606dc70da7a3', 'VariableUpdate', 'f225800b-6cdc-11ea-9169-606dc70da7a3', 'f225800b-6cdc-11ea-9169-606dc70da7a3', NULL, NULL, 'days', 'integer', 1, '2020-03-23 16:05:32', NULL, NULL, 12, '12', NULL);
INSERT INTO `act_hi_detail` VALUES ('11c0c65f-6cdd-11ea-9169-606dc70da7a3', 'VariableUpdate', 'f225800b-6cdc-11ea-9169-606dc70da7a3', 'f225f53e-6cdc-11ea-9169-606dc70da7a3', '11c0783d-6cdd-11ea-9169-606dc70da7a3', NULL, 'days', 'integer', 0, '2020-03-23 16:05:32', NULL, NULL, 12, '12', NULL);
INSERT INTO `act_hi_detail` VALUES ('13f174a7-6cdb-11ea-9169-606dc70da7a3', 'VariableUpdate', '77f24e55-6cda-11ea-a34e-606dc70da7a3', '77f24e55-6cda-11ea-a34e-606dc70da7a3', NULL, NULL, 'days', 'integer', 1, '2020-03-23 15:51:17', NULL, NULL, 15, '15', NULL);
INSERT INTO `act_hi_detail` VALUES ('1400b6eb-6cdb-11ea-9169-606dc70da7a3', 'VariableUpdate', '77f24e55-6cda-11ea-a34e-606dc70da7a3', '77f27568-6cda-11ea-a34e-606dc70da7a3', '14001aa9-6cdb-11ea-9169-606dc70da7a3', NULL, 'days', 'integer', 0, '2020-03-23 15:51:17', NULL, NULL, 15, '15', NULL);
INSERT INTO `act_hi_detail` VALUES ('1a8b2421-6cdd-11ea-9169-606dc70da7a3', 'VariableUpdate', 'f225800b-6cdc-11ea-9169-606dc70da7a3', 'f225800b-6cdc-11ea-9169-606dc70da7a3', NULL, NULL, 'days', 'integer', 1, '2020-03-23 16:05:47', NULL, NULL, 12, '12', NULL);
INSERT INTO `act_hi_detail` VALUES ('1a8d6e16-6cdd-11ea-9169-606dc70da7a3', 'VariableUpdate', 'f225800b-6cdc-11ea-9169-606dc70da7a3', 'f225f53e-6cdc-11ea-9169-606dc70da7a3', '1a8d6e14-6cdd-11ea-9169-606dc70da7a3', NULL, 'days', 'integer', 0, '2020-03-23 16:05:47', NULL, NULL, 12, '12', NULL);
INSERT INTO `act_hi_detail` VALUES ('1bdfc1e4-6ce9-11ea-9169-606dc70da7a3', 'VariableUpdate', '1bdfc1e2-6ce9-11ea-9169-606dc70da7a3', '1bdfc1e2-6ce9-11ea-9169-606dc70da7a3', NULL, NULL, 'days', 'integer', 0, '2020-03-23 17:31:43', NULL, NULL, 12, '12', NULL);
INSERT INTO `act_hi_detail` VALUES ('1bdfe8fa-6ce9-11ea-9169-606dc70da7a3', 'VariableUpdate', '1bdfc1e2-6ce9-11ea-9169-606dc70da7a3', '1bdfc1e5-6ce9-11ea-9169-606dc70da7a3', '1bdfe8f8-6ce9-11ea-9169-606dc70da7a3', NULL, 'days', 'integer', 0, '2020-03-23 17:31:43', NULL, NULL, 12, '12', NULL);
INSERT INTO `act_hi_detail` VALUES ('1be6519e-6ce9-11ea-9169-606dc70da7a3', 'VariableUpdate', '1be6519c-6ce9-11ea-9169-606dc70da7a3', '1be6519c-6ce9-11ea-9169-606dc70da7a3', NULL, NULL, 'days', 'integer', 0, '2020-03-23 17:31:43', NULL, NULL, 12, '12', NULL);
INSERT INTO `act_hi_detail` VALUES ('1be678b4-6ce9-11ea-9169-606dc70da7a3', 'VariableUpdate', '1be6519c-6ce9-11ea-9169-606dc70da7a3', '1be6519f-6ce9-11ea-9169-606dc70da7a3', '1be651a2-6ce9-11ea-9169-606dc70da7a3', NULL, 'days', 'integer', 0, '2020-03-23 17:31:43', NULL, NULL, 12, '12', NULL);
INSERT INTO `act_hi_detail` VALUES ('1bec4516-6ce9-11ea-9169-606dc70da7a3', 'VariableUpdate', '1be6519c-6ce9-11ea-9169-606dc70da7a3', '1be6519c-6ce9-11ea-9169-606dc70da7a3', NULL, NULL, 'days', 'integer', 1, '2020-03-23 17:31:43', NULL, NULL, 12, '12', NULL);
INSERT INTO `act_hi_detail` VALUES ('1beda4aa-6ce9-11ea-9169-606dc70da7a3', 'VariableUpdate', '1be6519c-6ce9-11ea-9169-606dc70da7a3', '1be6519f-6ce9-11ea-9169-606dc70da7a3', '1bed5688-6ce9-11ea-9169-606dc70da7a3', NULL, 'days', 'integer', 0, '2020-03-23 17:31:43', NULL, NULL, 12, '12', NULL);
INSERT INTO `act_hi_detail` VALUES ('27874f0c-6ce9-11ea-9169-606dc70da7a3', 'VariableUpdate', '1bdfc1e2-6ce9-11ea-9169-606dc70da7a3', '1bdfc1e2-6ce9-11ea-9169-606dc70da7a3', NULL, NULL, 'days', 'integer', 1, '2020-03-23 17:32:03', NULL, NULL, 12, '12', NULL);
INSERT INTO `act_hi_detail` VALUES ('278a0e30-6ce9-11ea-9169-606dc70da7a3', 'VariableUpdate', '1bdfc1e2-6ce9-11ea-9169-606dc70da7a3', '1bdfc1e5-6ce9-11ea-9169-606dc70da7a3', '2789c00e-6ce9-11ea-9169-606dc70da7a3', NULL, 'days', 'integer', 0, '2020-03-23 17:32:03', NULL, NULL, 12, '12', NULL);
INSERT INTO `act_hi_detail` VALUES ('282db41c-6cdc-11ea-9169-606dc70da7a3', 'VariableUpdate', '77f77e7f-6cda-11ea-a34e-606dc70da7a3', '77f77e7f-6cda-11ea-a34e-606dc70da7a3', NULL, NULL, 'days', 'integer', 1, '2020-03-23 15:59:01', NULL, NULL, 15, '15', NULL);
INSERT INTO `act_hi_detail` VALUES ('282faff0-6cdc-11ea-9169-606dc70da7a3', 'VariableUpdate', '77f77e7f-6cda-11ea-a34e-606dc70da7a3', '77f77e82-6cda-11ea-a34e-606dc70da7a3', '282f3abe-6cdc-11ea-9169-606dc70da7a3', NULL, 'days', 'integer', 0, '2020-03-23 15:59:01', NULL, NULL, 15, '15', NULL);
INSERT INTO `act_hi_detail` VALUES ('29c13982-6ce9-11ea-9169-606dc70da7a3', 'VariableUpdate', '1bdfc1e2-6ce9-11ea-9169-606dc70da7a3', '1bdfc1e2-6ce9-11ea-9169-606dc70da7a3', NULL, NULL, 'days', 'integer', 1, '2020-03-23 17:32:07', NULL, NULL, 12, '12', NULL);
INSERT INTO `act_hi_detail` VALUES ('29c30e46-6ce9-11ea-9169-606dc70da7a3', 'VariableUpdate', '1bdfc1e2-6ce9-11ea-9169-606dc70da7a3', '1bdfc1e5-6ce9-11ea-9169-606dc70da7a3', '29c2e734-6ce9-11ea-9169-606dc70da7a3', NULL, 'days', 'integer', 0, '2020-03-23 17:32:07', NULL, NULL, 12, '12', NULL);
INSERT INTO `act_hi_detail` VALUES ('2a987292-6cdc-11ea-9169-606dc70da7a3', 'VariableUpdate', '77f77e7f-6cda-11ea-a34e-606dc70da7a3', '77f77e7f-6cda-11ea-a34e-606dc70da7a3', NULL, NULL, 'days', 'integer', 1, '2020-03-23 15:59:05', NULL, NULL, 15, '15', NULL);
INSERT INTO `act_hi_detail` VALUES ('2a9b0aa7-6cdc-11ea-9169-606dc70da7a3', 'VariableUpdate', '77f77e7f-6cda-11ea-a34e-606dc70da7a3', '77f77e82-6cda-11ea-a34e-606dc70da7a3', '2a9ae395-6cdc-11ea-9169-606dc70da7a3', NULL, 'days', 'integer', 0, '2020-03-23 15:59:05', NULL, NULL, 15, '15', NULL);
INSERT INTO `act_hi_detail` VALUES ('30a81d29-6cdc-11ea-9169-606dc70da7a3', 'VariableUpdate', '77f77e7f-6cda-11ea-a34e-606dc70da7a3', '77f77e7f-6cda-11ea-a34e-606dc70da7a3', NULL, NULL, 'days', 'integer', 1, '2020-03-23 15:59:15', NULL, NULL, 15, '15', NULL);
INSERT INTO `act_hi_detail` VALUES ('35ee7158-6ce9-11ea-9169-606dc70da7a3', 'VariableUpdate', '1bdfc1e2-6ce9-11ea-9169-606dc70da7a3', '1bdfc1e2-6ce9-11ea-9169-606dc70da7a3', NULL, NULL, 'days', 'integer', 1, '2020-03-23 17:32:27', NULL, NULL, 12, '12', NULL);
INSERT INTO `act_hi_detail` VALUES ('35f06d2d-6ce9-11ea-9169-606dc70da7a3', 'VariableUpdate', '1bdfc1e2-6ce9-11ea-9169-606dc70da7a3', '1bdfc1e5-6ce9-11ea-9169-606dc70da7a3', '35f0461b-6ce9-11ea-9169-606dc70da7a3', NULL, 'days', 'integer', 0, '2020-03-23 17:32:27', NULL, NULL, 12, '12', NULL);
INSERT INTO `act_hi_detail` VALUES ('36ffe99d-6cdb-11ea-9169-606dc70da7a3', 'VariableUpdate', '77f24e55-6cda-11ea-a34e-606dc70da7a3', '77f24e55-6cda-11ea-a34e-606dc70da7a3', NULL, NULL, 'days', 'integer', 1, '2020-03-23 15:52:16', NULL, NULL, 15, '15', NULL);
INSERT INTO `act_hi_detail` VALUES ('37023391-6cdb-11ea-9169-606dc70da7a3', 'VariableUpdate', '77f24e55-6cda-11ea-a34e-606dc70da7a3', '77f27568-6cda-11ea-a34e-606dc70da7a3', '37020c7f-6cdb-11ea-9169-606dc70da7a3', NULL, 'days', 'integer', 0, '2020-03-23 15:52:16', NULL, NULL, 15, '15', NULL);
INSERT INTO `act_hi_detail` VALUES ('3df72ccf-6ce9-11ea-9169-606dc70da7a3', 'VariableUpdate', '1bdfc1e2-6ce9-11ea-9169-606dc70da7a3', '1bdfc1e2-6ce9-11ea-9169-606dc70da7a3', NULL, NULL, 'days', 'integer', 1, '2020-03-23 17:32:41', NULL, NULL, 12, '12', NULL);
INSERT INTO `act_hi_detail` VALUES ('42bf7fe8-6cdd-11ea-9169-606dc70da7a3', 'VariableUpdate', 'f225800b-6cdc-11ea-9169-606dc70da7a3', 'f225800b-6cdc-11ea-9169-606dc70da7a3', NULL, NULL, 'days', 'integer', 1, '2020-03-23 16:06:55', NULL, NULL, 12, '12', NULL);
INSERT INTO `act_hi_detail` VALUES ('581a9ce6-6cde-11ea-9169-606dc70da7a3', 'VariableUpdate', '581a75d4-6cde-11ea-9169-606dc70da7a3', '581a75d4-6cde-11ea-9169-606dc70da7a3', NULL, NULL, 'days', 'integer', 0, '2020-03-23 16:14:40', NULL, NULL, 1, '1', NULL);
INSERT INTO `act_hi_detail` VALUES ('581ac3fc-6cde-11ea-9169-606dc70da7a3', 'VariableUpdate', '581a75d4-6cde-11ea-9169-606dc70da7a3', '581a9ce7-6cde-11ea-9169-606dc70da7a3', '581a9cea-6cde-11ea-9169-606dc70da7a3', NULL, 'days', 'integer', 0, '2020-03-23 16:14:40', NULL, NULL, 1, '1', NULL);
INSERT INTO `act_hi_detail` VALUES ('581fcd10-6cde-11ea-9169-606dc70da7a3', 'VariableUpdate', '581fcd0e-6cde-11ea-9169-606dc70da7a3', '581fcd0e-6cde-11ea-9169-606dc70da7a3', NULL, NULL, 'days', 'integer', 0, '2020-03-23 16:14:40', NULL, NULL, 1, '1', NULL);
INSERT INTO `act_hi_detail` VALUES ('58201b36-6cde-11ea-9169-606dc70da7a3', 'VariableUpdate', '581fcd0e-6cde-11ea-9169-606dc70da7a3', '581fcd11-6cde-11ea-9169-606dc70da7a3', '581ff424-6cde-11ea-9169-606dc70da7a3', NULL, 'days', 'integer', 0, '2020-03-23 16:14:40', NULL, NULL, 1, '1', NULL);
INSERT INTO `act_hi_detail` VALUES ('58265cc8-6cde-11ea-9169-606dc70da7a3', 'VariableUpdate', '581fcd0e-6cde-11ea-9169-606dc70da7a3', '581fcd0e-6cde-11ea-9169-606dc70da7a3', NULL, NULL, 'days', 'integer', 1, '2020-03-23 16:14:40', NULL, NULL, 1, '1', NULL);
INSERT INTO `act_hi_detail` VALUES ('5827954c-6cde-11ea-9169-606dc70da7a3', 'VariableUpdate', '581fcd0e-6cde-11ea-9169-606dc70da7a3', '581fcd11-6cde-11ea-9169-606dc70da7a3', '58276e3a-6cde-11ea-9169-606dc70da7a3', NULL, 'days', 'integer', 0, '2020-03-23 16:14:40', NULL, NULL, 1, '1', NULL);
INSERT INTO `act_hi_detail` VALUES ('702dfc10-6cdf-11ea-9169-606dc70da7a3', 'VariableUpdate', '702dfc0e-6cdf-11ea-9169-606dc70da7a3', '702dfc0e-6cdf-11ea-9169-606dc70da7a3', NULL, NULL, 'days', 'double', 0, '2020-03-23 16:22:30', NULL, 3.5, NULL, NULL, NULL);
INSERT INTO `act_hi_detail` VALUES ('702e4a36-6cdf-11ea-9169-606dc70da7a3', 'VariableUpdate', '702dfc0e-6cdf-11ea-9169-606dc70da7a3', '702dfc11-6cdf-11ea-9169-606dc70da7a3', '702dfc14-6cdf-11ea-9169-606dc70da7a3', NULL, 'days', 'double', 0, '2020-03-23 16:22:30', NULL, 3.5, NULL, NULL, NULL);
INSERT INTO `act_hi_detail` VALUES ('703464ba-6cdf-11ea-9169-606dc70da7a3', 'VariableUpdate', '703464b8-6cdf-11ea-9169-606dc70da7a3', '703464b8-6cdf-11ea-9169-606dc70da7a3', NULL, NULL, 'days', 'double', 0, '2020-03-23 16:22:30', NULL, 3.5, NULL, NULL, NULL);
INSERT INTO `act_hi_detail` VALUES ('7034b2e0-6cdf-11ea-9169-606dc70da7a3', 'VariableUpdate', '703464b8-6cdf-11ea-9169-606dc70da7a3', '703464bb-6cdf-11ea-9169-606dc70da7a3', '70348bce-6cdf-11ea-9169-606dc70da7a3', NULL, 'days', 'double', 0, '2020-03-23 16:22:30', NULL, 3.5, NULL, NULL, NULL);
INSERT INTO `act_hi_detail` VALUES ('7039bbf2-6cdf-11ea-9169-606dc70da7a3', 'VariableUpdate', '703464b8-6cdf-11ea-9169-606dc70da7a3', '703464b8-6cdf-11ea-9169-606dc70da7a3', NULL, NULL, 'days', 'double', 1, '2020-03-23 16:22:30', NULL, 3.5, NULL, NULL, NULL);
INSERT INTO `act_hi_detail` VALUES ('703acd66-6cdf-11ea-9169-606dc70da7a3', 'VariableUpdate', '703464b8-6cdf-11ea-9169-606dc70da7a3', '703464bb-6cdf-11ea-9169-606dc70da7a3', '703acd64-6cdf-11ea-9169-606dc70da7a3', NULL, 'days', 'double', 0, '2020-03-23 16:22:30', NULL, 3.5, NULL, NULL, NULL);
INSERT INTO `act_hi_detail` VALUES ('77f24e57-6cda-11ea-a34e-606dc70da7a3', 'VariableUpdate', '77f24e55-6cda-11ea-a34e-606dc70da7a3', '77f24e55-6cda-11ea-a34e-606dc70da7a3', NULL, NULL, 'days', 'integer', 0, '2020-03-23 15:46:55', NULL, NULL, 15, '15', NULL);
INSERT INTO `act_hi_detail` VALUES ('77f29c7d-6cda-11ea-a34e-606dc70da7a3', 'VariableUpdate', '77f24e55-6cda-11ea-a34e-606dc70da7a3', '77f27568-6cda-11ea-a34e-606dc70da7a3', '77f2756b-6cda-11ea-a34e-606dc70da7a3', NULL, 'days', 'integer', 0, '2020-03-23 15:46:55', NULL, NULL, 15, '15', NULL);
INSERT INTO `act_hi_detail` VALUES ('77f77e81-6cda-11ea-a34e-606dc70da7a3', 'VariableUpdate', '77f77e7f-6cda-11ea-a34e-606dc70da7a3', '77f77e7f-6cda-11ea-a34e-606dc70da7a3', NULL, NULL, 'days', 'integer', 0, '2020-03-23 15:46:55', NULL, NULL, 15, '15', NULL);
INSERT INTO `act_hi_detail` VALUES ('77f7a497-6cda-11ea-a34e-606dc70da7a3', 'VariableUpdate', '77f77e7f-6cda-11ea-a34e-606dc70da7a3', '77f77e82-6cda-11ea-a34e-606dc70da7a3', '77f77e85-6cda-11ea-a34e-606dc70da7a3', NULL, 'days', 'integer', 0, '2020-03-23 15:46:55', NULL, NULL, 15, '15', NULL);
INSERT INTO `act_hi_detail` VALUES ('77fdbf19-6cda-11ea-a34e-606dc70da7a3', 'VariableUpdate', '77f77e7f-6cda-11ea-a34e-606dc70da7a3', '77f77e7f-6cda-11ea-a34e-606dc70da7a3', NULL, NULL, 'days', 'integer', 1, '2020-03-23 15:46:56', NULL, NULL, 15, '15', NULL);
INSERT INTO `act_hi_detail` VALUES ('77ff45bd-6cda-11ea-a34e-606dc70da7a3', 'VariableUpdate', '77f77e7f-6cda-11ea-a34e-606dc70da7a3', '77f77e82-6cda-11ea-a34e-606dc70da7a3', '77ff1eab-6cda-11ea-a34e-606dc70da7a3', NULL, 'days', 'integer', 0, '2020-03-23 15:46:56', NULL, NULL, 15, '15', NULL);
INSERT INTO `act_hi_detail` VALUES ('9aa07642-6ce1-11ea-9169-606dc70da7a3', 'VariableUpdate', 'a44af028-6ce0-11ea-9169-606dc70da7a3', 'a44af028-6ce0-11ea-9169-606dc70da7a3', NULL, NULL, 'days', 'integer', 1, '2020-03-23 16:38:00', NULL, NULL, 9, '9', NULL);
INSERT INTO `act_hi_detail` VALUES ('9aa24b06-6ce1-11ea-9169-606dc70da7a3', 'VariableUpdate', 'a44af028-6ce0-11ea-9169-606dc70da7a3', 'a44b173b-6ce0-11ea-9169-606dc70da7a3', '9aa1fce4-6ce1-11ea-9169-606dc70da7a3', NULL, 'days', 'integer', 0, '2020-03-23 16:38:00', NULL, NULL, 9, '9', NULL);
INSERT INTO `act_hi_detail` VALUES ('a44af02a-6ce0-11ea-9169-606dc70da7a3', 'VariableUpdate', 'a44af028-6ce0-11ea-9169-606dc70da7a3', 'a44af028-6ce0-11ea-9169-606dc70da7a3', NULL, NULL, 'days', 'integer', 0, '2020-03-23 16:31:07', NULL, NULL, 9, '9', NULL);
INSERT INTO `act_hi_detail` VALUES ('a44b3e50-6ce0-11ea-9169-606dc70da7a3', 'VariableUpdate', 'a44af028-6ce0-11ea-9169-606dc70da7a3', 'a44b173b-6ce0-11ea-9169-606dc70da7a3', 'a44b173e-6ce0-11ea-9169-606dc70da7a3', NULL, 'days', 'integer', 0, '2020-03-23 16:31:07', NULL, NULL, 9, '9', NULL);
INSERT INTO `act_hi_detail` VALUES ('a4517fe4-6ce0-11ea-9169-606dc70da7a3', 'VariableUpdate', 'a4517fe2-6ce0-11ea-9169-606dc70da7a3', 'a4517fe2-6ce0-11ea-9169-606dc70da7a3', NULL, NULL, 'days', 'integer', 0, '2020-03-23 16:31:07', NULL, NULL, 9, '9', NULL);
INSERT INTO `act_hi_detail` VALUES ('a451f51a-6ce0-11ea-9169-606dc70da7a3', 'VariableUpdate', 'a4517fe2-6ce0-11ea-9169-606dc70da7a3', 'a4517fe5-6ce0-11ea-9169-606dc70da7a3', 'a451a6f8-6ce0-11ea-9169-606dc70da7a3', NULL, 'days', 'integer', 0, '2020-03-23 16:31:07', NULL, NULL, 9, '9', NULL);
INSERT INTO `act_hi_detail` VALUES ('a458f9fc-6ce0-11ea-9169-606dc70da7a3', 'VariableUpdate', 'a4517fe2-6ce0-11ea-9169-606dc70da7a3', 'a4517fe2-6ce0-11ea-9169-606dc70da7a3', NULL, NULL, 'days', 'integer', 1, '2020-03-23 16:31:07', NULL, NULL, 9, '9', NULL);
INSERT INTO `act_hi_detail` VALUES ('a45be030-6ce0-11ea-9169-606dc70da7a3', 'VariableUpdate', 'a4517fe2-6ce0-11ea-9169-606dc70da7a3', 'a4517fe5-6ce0-11ea-9169-606dc70da7a3', 'a45b920e-6ce0-11ea-9169-606dc70da7a3', NULL, 'days', 'integer', 0, '2020-03-23 16:31:07', NULL, NULL, 9, '9', NULL);
INSERT INTO `act_hi_detail` VALUES ('b7aa3907-6ce8-11ea-9169-606dc70da7a3', 'VariableUpdate', 'b7aa11f5-6ce8-11ea-9169-606dc70da7a3', 'b7aa11f5-6ce8-11ea-9169-606dc70da7a3', NULL, NULL, 'days', 'integer', 0, '2020-03-23 17:28:55', NULL, NULL, 6, '6', NULL);
INSERT INTO `act_hi_detail` VALUES ('b7aa872d-6ce8-11ea-9169-606dc70da7a3', 'VariableUpdate', 'b7aa11f5-6ce8-11ea-9169-606dc70da7a3', 'b7aa3908-6ce8-11ea-9169-606dc70da7a3', 'b7aa390b-6ce8-11ea-9169-606dc70da7a3', NULL, 'days', 'integer', 0, '2020-03-23 17:28:55', NULL, NULL, 6, '6', NULL);
INSERT INTO `act_hi_detail` VALUES ('b7b0c8c1-6ce8-11ea-9169-606dc70da7a3', 'VariableUpdate', 'b7b0a1af-6ce8-11ea-9169-606dc70da7a3', 'b7b0a1af-6ce8-11ea-9169-606dc70da7a3', NULL, NULL, 'days', 'integer', 0, '2020-03-23 17:28:55', NULL, NULL, 6, '6', NULL);
INSERT INTO `act_hi_detail` VALUES ('b7b116e7-6ce8-11ea-9169-606dc70da7a3', 'VariableUpdate', 'b7b0a1af-6ce8-11ea-9169-606dc70da7a3', 'b7b0c8c2-6ce8-11ea-9169-606dc70da7a3', 'b7b0c8c5-6ce8-11ea-9169-606dc70da7a3', NULL, 'days', 'integer', 0, '2020-03-23 17:28:55', NULL, NULL, 6, '6', NULL);
INSERT INTO `act_hi_detail` VALUES ('b7b7cda9-6ce8-11ea-9169-606dc70da7a3', 'VariableUpdate', 'b7b0a1af-6ce8-11ea-9169-606dc70da7a3', 'b7b0a1af-6ce8-11ea-9169-606dc70da7a3', NULL, NULL, 'days', 'integer', 1, '2020-03-23 17:28:55', NULL, NULL, 6, '6', NULL);
INSERT INTO `act_hi_detail` VALUES ('b7b9c97d-6ce8-11ea-9169-606dc70da7a3', 'VariableUpdate', 'b7b0a1af-6ce8-11ea-9169-606dc70da7a3', 'b7b0c8c2-6ce8-11ea-9169-606dc70da7a3', 'b7b97b5b-6ce8-11ea-9169-606dc70da7a3', NULL, 'days', 'integer', 0, '2020-03-23 17:28:55', NULL, NULL, 6, '6', NULL);
INSERT INTO `act_hi_detail` VALUES ('c5e8016f-6ce8-11ea-9169-606dc70da7a3', 'VariableUpdate', 'b7aa11f5-6ce8-11ea-9169-606dc70da7a3', 'b7aa11f5-6ce8-11ea-9169-606dc70da7a3', NULL, NULL, 'days', 'integer', 1, '2020-03-23 17:29:19', NULL, NULL, 6, '6', NULL);
INSERT INTO `act_hi_detail` VALUES ('c5e9fd43-6ce8-11ea-9169-606dc70da7a3', 'VariableUpdate', 'b7aa11f5-6ce8-11ea-9169-606dc70da7a3', 'b7aa3908-6ce8-11ea-9169-606dc70da7a3', 'c5e9d631-6ce8-11ea-9169-606dc70da7a3', NULL, 'days', 'integer', 0, '2020-03-23 17:29:19', NULL, NULL, 6, '6', NULL);
INSERT INTO `act_hi_detail` VALUES ('c7baecb5-6ce8-11ea-9169-606dc70da7a3', 'VariableUpdate', 'b7aa11f5-6ce8-11ea-9169-606dc70da7a3', 'b7aa11f5-6ce8-11ea-9169-606dc70da7a3', NULL, NULL, 'days', 'integer', 1, '2020-03-23 17:29:22', NULL, NULL, 6, '6', NULL);
INSERT INTO `act_hi_detail` VALUES ('c7bc4c49-6ce8-11ea-9169-606dc70da7a3', 'VariableUpdate', 'b7aa11f5-6ce8-11ea-9169-606dc70da7a3', 'b7aa3908-6ce8-11ea-9169-606dc70da7a3', 'c7bbd717-6ce8-11ea-9169-606dc70da7a3', NULL, 'days', 'integer', 0, '2020-03-23 17:29:22', NULL, NULL, 6, '6', NULL);
INSERT INTO `act_hi_detail` VALUES ('c9b06723-6cdb-11ea-9169-606dc70da7a3', 'VariableUpdate', '77f24e55-6cda-11ea-a34e-606dc70da7a3', '77f24e55-6cda-11ea-a34e-606dc70da7a3', NULL, NULL, 'days', 'integer', 1, '2020-03-23 15:56:22', NULL, NULL, 15, '15', NULL);
INSERT INTO `act_hi_detail` VALUES ('c9b8cb98-6cdb-11ea-9169-606dc70da7a3', 'VariableUpdate', '77f24e55-6cda-11ea-a34e-606dc70da7a3', '77f27568-6cda-11ea-a34e-606dc70da7a3', 'c9b8a486-6cdb-11ea-9169-606dc70da7a3', NULL, 'days', 'integer', 0, '2020-03-23 15:56:22', NULL, NULL, 15, '15', NULL);
INSERT INTO `act_hi_detail` VALUES ('d10b1c4b-6ce8-11ea-9169-606dc70da7a3', 'VariableUpdate', 'b7aa11f5-6ce8-11ea-9169-606dc70da7a3', 'b7aa11f5-6ce8-11ea-9169-606dc70da7a3', NULL, NULL, 'days', 'integer', 1, '2020-03-23 17:29:38', NULL, NULL, 6, '6', NULL);
INSERT INTO `act_hi_detail` VALUES ('d10fd740-6ce8-11ea-9169-606dc70da7a3', 'VariableUpdate', 'b7aa11f5-6ce8-11ea-9169-606dc70da7a3', 'b7aa3908-6ce8-11ea-9169-606dc70da7a3', 'd10f13ee-6ce8-11ea-9169-606dc70da7a3', NULL, 'days', 'integer', 0, '2020-03-23 17:29:38', NULL, NULL, 6, '6', NULL);
INSERT INTO `act_hi_detail` VALUES ('f225ce2d-6cdc-11ea-9169-606dc70da7a3', 'VariableUpdate', 'f225800b-6cdc-11ea-9169-606dc70da7a3', 'f225800b-6cdc-11ea-9169-606dc70da7a3', NULL, NULL, 'days', 'integer', 0, '2020-03-23 16:04:39', NULL, NULL, 12, '12', NULL);
INSERT INTO `act_hi_detail` VALUES ('f2269083-6cdc-11ea-9169-606dc70da7a3', 'VariableUpdate', 'f225800b-6cdc-11ea-9169-606dc70da7a3', 'f225f53e-6cdc-11ea-9169-606dc70da7a3', 'f2266a71-6cdc-11ea-9169-606dc70da7a3', NULL, 'days', 'integer', 0, '2020-03-23 16:04:39', NULL, NULL, 12, '12', NULL);
INSERT INTO `act_hi_detail` VALUES ('f22b2467-6cdc-11ea-9169-606dc70da7a3', 'VariableUpdate', 'f22b2465-6cdc-11ea-9169-606dc70da7a3', 'f22b2465-6cdc-11ea-9169-606dc70da7a3', NULL, NULL, 'days', 'integer', 0, '2020-03-23 16:04:39', NULL, NULL, 12, '12', NULL);
INSERT INTO `act_hi_detail` VALUES ('f22b728d-6cdc-11ea-9169-606dc70da7a3', 'VariableUpdate', 'f22b2465-6cdc-11ea-9169-606dc70da7a3', 'f22b2468-6cdc-11ea-9169-606dc70da7a3', 'f22b4b7b-6cdc-11ea-9169-606dc70da7a3', NULL, 'days', 'integer', 0, '2020-03-23 16:04:39', NULL, NULL, 12, '12', NULL);
INSERT INTO `act_hi_detail` VALUES ('f2313eef-6cdc-11ea-9169-606dc70da7a3', 'VariableUpdate', 'f22b2465-6cdc-11ea-9169-606dc70da7a3', 'f22b2465-6cdc-11ea-9169-606dc70da7a3', NULL, NULL, 'days', 'integer', 1, '2020-03-23 16:04:40', NULL, NULL, 12, '12', NULL);
INSERT INTO `act_hi_detail` VALUES ('f2329e83-6cdc-11ea-9169-606dc70da7a3', 'VariableUpdate', 'f22b2465-6cdc-11ea-9169-606dc70da7a3', 'f22b2468-6cdc-11ea-9169-606dc70da7a3', 'f2327771-6cdc-11ea-9169-606dc70da7a3', NULL, 'days', 'integer', 0, '2020-03-23 16:04:40', NULL, NULL, 12, '12', NULL);
INSERT INTO `act_hi_detail` VALUES ('f69eeb18-6ce2-11ea-9169-606dc70da7a3', 'VariableUpdate', 'a44af028-6ce0-11ea-9169-606dc70da7a3', 'a44af028-6ce0-11ea-9169-606dc70da7a3', NULL, NULL, 'days', 'integer', 1, '2020-03-23 16:47:44', NULL, NULL, 9, '9', NULL);
INSERT INTO `act_hi_detail` VALUES ('f6a0bfdc-6ce2-11ea-9169-606dc70da7a3', 'VariableUpdate', 'a44af028-6ce0-11ea-9169-606dc70da7a3', 'a44b173b-6ce0-11ea-9169-606dc70da7a3', 'f6a071ba-6ce2-11ea-9169-606dc70da7a3', NULL, 'days', 'integer', 0, '2020-03-23 16:47:44', NULL, NULL, 9, '9', NULL);

-- ----------------------------
-- Table structure for act_hi_identitylink
-- ----------------------------
DROP TABLE IF EXISTS `act_hi_identitylink`;
CREATE TABLE `act_hi_identitylink`  (
  `ID_` varchar(64) CHARACTER SET utf8 COLLATE utf8_bin NOT NULL DEFAULT '',
  `GROUP_ID_` varchar(255) CHARACTER SET utf8 COLLATE utf8_bin NULL DEFAULT NULL,
  `TYPE_` varchar(255) CHARACTER SET utf8 COLLATE utf8_bin NULL DEFAULT NULL,
  `USER_ID_` varchar(255) CHARACTER SET utf8 COLLATE utf8_bin NULL DEFAULT NULL,
  `TASK_ID_` varchar(64) CHARACTER SET utf8 COLLATE utf8_bin NULL DEFAULT NULL,
  `PROC_INST_ID_` varchar(64) CHARACTER SET utf8 COLLATE utf8_bin NULL DEFAULT NULL,
  PRIMARY KEY (`ID_`) USING BTREE,
  INDEX `ACT_IDX_HI_IDENT_LNK_USER`(`USER_ID_`) USING BTREE,
  INDEX `ACT_IDX_HI_IDENT_LNK_TASK`(`TASK_ID_`) USING BTREE,
  INDEX `ACT_IDX_HI_IDENT_LNK_PROCINST`(`PROC_INST_ID_`) USING BTREE
) ENGINE = InnoDB CHARACTER SET = utf8 COLLATE = utf8_bin ROW_FORMAT = Compact;

-- ----------------------------
-- Records of act_hi_identitylink
-- ----------------------------
INSERT INTO `act_hi_identitylink` VALUES ('05364524-6ce3-11ea-9169-606dc70da7a3', 'PROCESS_LEAVE_PI_USERS', 'candidate', NULL, '0535cff1-6ce3-11ea-9169-606dc70da7a3', NULL);
INSERT INTO `act_hi_identitylink` VALUES ('057a1dc3-6cde-11ea-9169-606dc70da7a3', 'PROCESS_LEAVE_APPLY_USERS', 'candidate', NULL, '0579cfa0-6cde-11ea-9169-606dc70da7a3', NULL);
INSERT INTO `act_hi_identitylink` VALUES ('057f74fd-6cde-11ea-9169-606dc70da7a3', 'PROCESS_LEAVE_APPLY_USERS', 'candidate', NULL, '057f26da-6cde-11ea-9169-606dc70da7a3', NULL);
INSERT INTO `act_hi_identitylink` VALUES ('0586a0f3-6cde-11ea-9169-606dc70da7a3', 'PROCESS_LEAVE_CHU_USERS', 'candidate', NULL, '058652d0-6cde-11ea-9169-606dc70da7a3', NULL);
INSERT INTO `act_hi_identitylink` VALUES ('06557efa-6cdd-11ea-9169-606dc70da7a3', 'PROCESS_LEAVE_CHU_USERS', 'candidate', NULL, '065509c7-6cdd-11ea-9169-606dc70da7a3', NULL);
INSERT INTO `act_hi_identitylink` VALUES ('11c0ed70-6cdd-11ea-9169-606dc70da7a3', 'PROCESS_LEAVE_FU_USERS', 'candidate', NULL, '11c0783d-6cdd-11ea-9169-606dc70da7a3', NULL);
INSERT INTO `act_hi_identitylink` VALUES ('14012c1c-6cdb-11ea-9169-606dc70da7a3', 'PROCESS_LEAVE_CHU_USERS', 'candidate', NULL, '14001aa9-6cdb-11ea-9169-606dc70da7a3', NULL);
INSERT INTO `act_hi_identitylink` VALUES ('1a8d9527-6cdd-11ea-9169-606dc70da7a3', 'PROCESS_LEAVE_PI_USERS', 'candidate', NULL, '1a8d6e14-6cdd-11ea-9169-606dc70da7a3', NULL);
INSERT INTO `act_hi_identitylink` VALUES ('1be0100b-6ce9-11ea-9169-606dc70da7a3', 'PROCESS_LEAVE_APPLY_USERS', 'candidate', NULL, '1bdfe8f8-6ce9-11ea-9169-606dc70da7a3', NULL);
INSERT INTO `act_hi_identitylink` VALUES ('1be69fc5-6ce9-11ea-9169-606dc70da7a3', 'PROCESS_LEAVE_APPLY_USERS', 'candidate', NULL, '1be651a2-6ce9-11ea-9169-606dc70da7a3', NULL);
INSERT INTO `act_hi_identitylink` VALUES ('1beda4ab-6ce9-11ea-9169-606dc70da7a3', 'PROCESS_LEAVE_CHU_USERS', 'candidate', NULL, '1bed5688-6ce9-11ea-9169-606dc70da7a3', NULL);
INSERT INTO `act_hi_identitylink` VALUES ('278a3541-6ce9-11ea-9169-606dc70da7a3', 'PROCESS_LEAVE_CHU_USERS', 'candidate', NULL, '2789c00e-6ce9-11ea-9169-606dc70da7a3', NULL);
INSERT INTO `act_hi_identitylink` VALUES ('28302521-6cdc-11ea-9169-606dc70da7a3', 'PROCESS_LEAVE_FU_USERS', 'candidate', NULL, '282f3abe-6cdc-11ea-9169-606dc70da7a3', NULL);
INSERT INTO `act_hi_identitylink` VALUES ('29c33557-6ce9-11ea-9169-606dc70da7a3', 'PROCESS_LEAVE_FU_USERS', 'candidate', NULL, '29c2e734-6ce9-11ea-9169-606dc70da7a3', NULL);
INSERT INTO `act_hi_identitylink` VALUES ('2a9b0aa8-6cdc-11ea-9169-606dc70da7a3', 'PROCESS_LEAVE_PI_USERS', 'candidate', NULL, '2a9ae395-6cdc-11ea-9169-606dc70da7a3', NULL);
INSERT INTO `act_hi_identitylink` VALUES ('35f06d2e-6ce9-11ea-9169-606dc70da7a3', 'PROCESS_LEAVE_PI_USERS', 'candidate', NULL, '35f0461b-6ce9-11ea-9169-606dc70da7a3', NULL);
INSERT INTO `act_hi_identitylink` VALUES ('37025aa2-6cdb-11ea-9169-606dc70da7a3', 'PROCESS_LEAVE_FU_USERS', 'candidate', NULL, '37020c7f-6cdb-11ea-9169-606dc70da7a3', NULL);
INSERT INTO `act_hi_identitylink` VALUES ('581aeb0d-6cde-11ea-9169-606dc70da7a3', 'PROCESS_LEAVE_APPLY_USERS', 'candidate', NULL, '581a9cea-6cde-11ea-9169-606dc70da7a3', NULL);
INSERT INTO `act_hi_identitylink` VALUES ('58204247-6cde-11ea-9169-606dc70da7a3', 'PROCESS_LEAVE_APPLY_USERS', 'candidate', NULL, '581ff424-6cde-11ea-9169-606dc70da7a3', NULL);
INSERT INTO `act_hi_identitylink` VALUES ('5827bc5d-6cde-11ea-9169-606dc70da7a3', 'PROCESS_LEAVE_CHU_USERS', 'candidate', NULL, '58276e3a-6cde-11ea-9169-606dc70da7a3', NULL);
INSERT INTO `act_hi_identitylink` VALUES ('702e9857-6cdf-11ea-9169-606dc70da7a3', 'PROCESS_LEAVE_APPLY_USERS', 'candidate', NULL, '702dfc14-6cdf-11ea-9169-606dc70da7a3', NULL);
INSERT INTO `act_hi_identitylink` VALUES ('7034b2e1-6cdf-11ea-9169-606dc70da7a3', 'PROCESS_LEAVE_APPLY_USERS', 'candidate', NULL, '70348bce-6cdf-11ea-9169-606dc70da7a3', NULL);
INSERT INTO `act_hi_identitylink` VALUES ('703af477-6cdf-11ea-9169-606dc70da7a3', 'PROCESS_LEAVE_CHU_USERS', 'candidate', NULL, '703acd64-6cdf-11ea-9169-606dc70da7a3', NULL);
INSERT INTO `act_hi_identitylink` VALUES ('77f2c38e-6cda-11ea-a34e-606dc70da7a3', 'PROCESS_LEAVE_APPLY_USERS', 'candidate', NULL, '77f2756b-6cda-11ea-a34e-606dc70da7a3', NULL);
INSERT INTO `act_hi_identitylink` VALUES ('77f7cba8-6cda-11ea-a34e-606dc70da7a3', 'PROCESS_LEAVE_APPLY_USERS', 'candidate', NULL, '77f77e85-6cda-11ea-a34e-606dc70da7a3', NULL);
INSERT INTO `act_hi_identitylink` VALUES ('77ff6cce-6cda-11ea-a34e-606dc70da7a3', 'PROCESS_LEAVE_CHU_USERS', 'candidate', NULL, '77ff1eab-6cda-11ea-a34e-606dc70da7a3', NULL);
INSERT INTO `act_hi_identitylink` VALUES ('9aa27217-6ce1-11ea-9169-606dc70da7a3', 'PROCESS_LEAVE_CHU_USERS', 'candidate', NULL, '9aa1fce4-6ce1-11ea-9169-606dc70da7a3', NULL);
INSERT INTO `act_hi_identitylink` VALUES ('a44b6561-6ce0-11ea-9169-606dc70da7a3', 'PROCESS_LEAVE_APPLY_USERS', 'candidate', NULL, 'a44b173e-6ce0-11ea-9169-606dc70da7a3', NULL);
INSERT INTO `act_hi_identitylink` VALUES ('a4521c2b-6ce0-11ea-9169-606dc70da7a3', 'PROCESS_LEAVE_APPLY_USERS', 'candidate', NULL, 'a451a6f8-6ce0-11ea-9169-606dc70da7a3', NULL);
INSERT INTO `act_hi_identitylink` VALUES ('a45c0741-6ce0-11ea-9169-606dc70da7a3', 'PROCESS_LEAVE_CHU_USERS', 'candidate', NULL, 'a45b920e-6ce0-11ea-9169-606dc70da7a3', NULL);
INSERT INTO `act_hi_identitylink` VALUES ('b7aaae3e-6ce8-11ea-9169-606dc70da7a3', 'PROCESS_LEAVE_APPLY_USERS', 'candidate', NULL, 'b7aa390b-6ce8-11ea-9169-606dc70da7a3', NULL);
INSERT INTO `act_hi_identitylink` VALUES ('b7b13df8-6ce8-11ea-9169-606dc70da7a3', 'PROCESS_LEAVE_APPLY_USERS', 'candidate', NULL, 'b7b0c8c5-6ce8-11ea-9169-606dc70da7a3', NULL);
INSERT INTO `act_hi_identitylink` VALUES ('b7b9f08e-6ce8-11ea-9169-606dc70da7a3', 'PROCESS_LEAVE_CHU_USERS', 'candidate', NULL, 'b7b97b5b-6ce8-11ea-9169-606dc70da7a3', NULL);
INSERT INTO `act_hi_identitylink` VALUES ('c5e9fd44-6ce8-11ea-9169-606dc70da7a3', 'PROCESS_LEAVE_CHU_USERS', 'candidate', NULL, 'c5e9d631-6ce8-11ea-9169-606dc70da7a3', NULL);
INSERT INTO `act_hi_identitylink` VALUES ('c7bc9a6a-6ce8-11ea-9169-606dc70da7a3', 'PROCESS_LEAVE_FU_USERS', 'candidate', NULL, 'c7bbd717-6ce8-11ea-9169-606dc70da7a3', NULL);
INSERT INTO `act_hi_identitylink` VALUES ('c9b8f2a9-6cdb-11ea-9169-606dc70da7a3', 'PROCESS_LEAVE_PI_USERS', 'candidate', NULL, 'c9b8a486-6cdb-11ea-9169-606dc70da7a3', NULL);
INSERT INTO `act_hi_identitylink` VALUES ('d1104c71-6ce8-11ea-9169-606dc70da7a3', 'PROCESS_LEAVE_PI_USERS', 'candidate', NULL, 'd10f13ee-6ce8-11ea-9169-606dc70da7a3', NULL);
INSERT INTO `act_hi_identitylink` VALUES ('f226b794-6cdc-11ea-9169-606dc70da7a3', 'PROCESS_LEAVE_APPLY_USERS', 'candidate', NULL, 'f2266a71-6cdc-11ea-9169-606dc70da7a3', NULL);
INSERT INTO `act_hi_identitylink` VALUES ('f22b728e-6cdc-11ea-9169-606dc70da7a3', 'PROCESS_LEAVE_APPLY_USERS', 'candidate', NULL, 'f22b4b7b-6cdc-11ea-9169-606dc70da7a3', NULL);
INSERT INTO `act_hi_identitylink` VALUES ('f2329e84-6cdc-11ea-9169-606dc70da7a3', 'PROCESS_LEAVE_CHU_USERS', 'candidate', NULL, 'f2327771-6cdc-11ea-9169-606dc70da7a3', NULL);
INSERT INTO `act_hi_identitylink` VALUES ('f6a10dfd-6ce2-11ea-9169-606dc70da7a3', 'PROCESS_LEAVE_FU_USERS', 'candidate', NULL, 'f6a071ba-6ce2-11ea-9169-606dc70da7a3', NULL);

-- ----------------------------
-- Table structure for act_hi_procinst
-- ----------------------------
DROP TABLE IF EXISTS `act_hi_procinst`;
CREATE TABLE `act_hi_procinst`  (
  `ID_` varchar(64) CHARACTER SET utf8 COLLATE utf8_bin NOT NULL,
  `PROC_INST_ID_` varchar(64) CHARACTER SET utf8 COLLATE utf8_bin NOT NULL,
  `BUSINESS_KEY_` varchar(255) CHARACTER SET utf8 COLLATE utf8_bin NULL DEFAULT NULL,
  `PROC_DEF_ID_` varchar(64) CHARACTER SET utf8 COLLATE utf8_bin NOT NULL,
  `START_TIME_` datetime(0) NOT NULL,
  `END_TIME_` datetime(0) NULL DEFAULT NULL,
  `DURATION_` bigint(20) NULL DEFAULT NULL,
  `START_USER_ID_` varchar(255) CHARACTER SET utf8 COLLATE utf8_bin NULL DEFAULT NULL,
  `START_ACT_ID_` varchar(255) CHARACTER SET utf8 COLLATE utf8_bin NULL DEFAULT NULL,
  `END_ACT_ID_` varchar(255) CHARACTER SET utf8 COLLATE utf8_bin NULL DEFAULT NULL,
  `SUPER_PROCESS_INSTANCE_ID_` varchar(64) CHARACTER SET utf8 COLLATE utf8_bin NULL DEFAULT NULL,
  `DELETE_REASON_` varchar(4000) CHARACTER SET utf8 COLLATE utf8_bin NULL DEFAULT NULL,
  `TENANT_ID_` varchar(255) CHARACTER SET utf8 COLLATE utf8_bin NULL DEFAULT '',
  `NAME_` varchar(255) CHARACTER SET utf8 COLLATE utf8_bin NULL DEFAULT NULL,
  PRIMARY KEY (`ID_`) USING BTREE,
  UNIQUE INDEX `PROC_INST_ID_`(`PROC_INST_ID_`) USING BTREE,
  INDEX `ACT_IDX_HI_PRO_INST_END`(`END_TIME_`) USING BTREE,
  INDEX `ACT_IDX_HI_PRO_I_BUSKEY`(`BUSINESS_KEY_`) USING BTREE
) ENGINE = InnoDB CHARACTER SET = utf8 COLLATE = utf8_bin ROW_FORMAT = Compact;

-- ----------------------------
-- Records of act_hi_procinst
-- ----------------------------
INSERT INTO `act_hi_procinst` VALUES ('0579a88a-6cde-11ea-9169-606dc70da7a3', '0579a88a-6cde-11ea-9169-606dc70da7a3', '1242001224463667200', 'process_leave:1:0d9a2f54-6cda-11ea-a34e-606dc70da7a3', '2020-03-23 16:12:21', NULL, NULL, NULL, 'START', NULL, NULL, NULL, '1', NULL);
INSERT INTO `act_hi_procinst` VALUES ('057effc4-6cde-11ea-9169-606dc70da7a3', '057effc4-6cde-11ea-9169-606dc70da7a3', '1242001224463667200', 'process_leave:1:0d9a2f54-6cda-11ea-a34e-606dc70da7a3', '2020-03-23 16:12:21', NULL, NULL, NULL, 'START', NULL, NULL, NULL, '1', NULL);
INSERT INTO `act_hi_procinst` VALUES ('1bdfc1e2-6ce9-11ea-9169-606dc70da7a3', '1bdfc1e2-6ce9-11ea-9169-606dc70da7a3', '1242021198007750656', 'process_leave:1:0d9a2f54-6cda-11ea-a34e-606dc70da7a3', '2020-03-23 17:31:43', '2020-03-23 17:32:41', 58159, NULL, 'START', 'END', NULL, NULL, '1', NULL);
INSERT INTO `act_hi_procinst` VALUES ('1be6519c-6ce9-11ea-9169-606dc70da7a3', '1be6519c-6ce9-11ea-9169-606dc70da7a3', '1242021198007750656', 'process_leave:1:0d9a2f54-6cda-11ea-a34e-606dc70da7a3', '2020-03-23 17:31:43', NULL, NULL, NULL, 'START', NULL, NULL, NULL, '1', NULL);
INSERT INTO `act_hi_procinst` VALUES ('581a75d4-6cde-11ea-9169-606dc70da7a3', '581a75d4-6cde-11ea-9169-606dc70da7a3', '1242001805995528192', 'process_leave:1:0d9a2f54-6cda-11ea-a34e-606dc70da7a3', '2020-03-23 16:14:40', NULL, NULL, NULL, 'START', NULL, NULL, NULL, '1', NULL);
INSERT INTO `act_hi_procinst` VALUES ('581fcd0e-6cde-11ea-9169-606dc70da7a3', '581fcd0e-6cde-11ea-9169-606dc70da7a3', '1242001805995528192', 'process_leave:1:0d9a2f54-6cda-11ea-a34e-606dc70da7a3', '2020-03-23 16:14:40', NULL, NULL, NULL, 'START', NULL, NULL, NULL, '1', NULL);
INSERT INTO `act_hi_procinst` VALUES ('702dfc0e-6cdf-11ea-9169-606dc70da7a3', '702dfc0e-6cdf-11ea-9169-606dc70da7a3', '1242003776844451840', 'process_leave:1:0d9a2f54-6cda-11ea-a34e-606dc70da7a3', '2020-03-23 16:22:30', NULL, NULL, NULL, 'START', NULL, NULL, NULL, '1', NULL);
INSERT INTO `act_hi_procinst` VALUES ('703464b8-6cdf-11ea-9169-606dc70da7a3', '703464b8-6cdf-11ea-9169-606dc70da7a3', '1242003776844451840', 'process_leave:1:0d9a2f54-6cda-11ea-a34e-606dc70da7a3', '2020-03-23 16:22:30', NULL, NULL, NULL, 'START', NULL, NULL, NULL, '1', NULL);
INSERT INTO `act_hi_procinst` VALUES ('77f24e55-6cda-11ea-a34e-606dc70da7a3', '77f24e55-6cda-11ea-a34e-606dc70da7a3', '1241994824308088832', 'process_leave:1:0d9a2f54-6cda-11ea-a34e-606dc70da7a3', '2020-03-23 15:46:55', '2020-03-23 15:58:23', 688125, NULL, 'START', 'END', NULL, NULL, '1', NULL);
INSERT INTO `act_hi_procinst` VALUES ('77f77e7f-6cda-11ea-a34e-606dc70da7a3', '77f77e7f-6cda-11ea-a34e-606dc70da7a3', '1241994824308088832', 'process_leave:1:0d9a2f54-6cda-11ea-a34e-606dc70da7a3', '2020-03-23 15:46:55', '2020-03-23 15:59:15', 740337, NULL, 'START', 'END', NULL, NULL, '1', NULL);
INSERT INTO `act_hi_procinst` VALUES ('a44af028-6ce0-11ea-9169-606dc70da7a3', 'a44af028-6ce0-11ea-9169-606dc70da7a3', '1242005944989241344', 'process_leave:1:0d9a2f54-6cda-11ea-a34e-606dc70da7a3', '2020-03-23 16:31:07', NULL, NULL, NULL, 'START', NULL, NULL, NULL, '1', NULL);
INSERT INTO `act_hi_procinst` VALUES ('a4517fe2-6ce0-11ea-9169-606dc70da7a3', 'a4517fe2-6ce0-11ea-9169-606dc70da7a3', '1242005944989241344', 'process_leave:1:0d9a2f54-6cda-11ea-a34e-606dc70da7a3', '2020-03-23 16:31:07', NULL, NULL, NULL, 'START', NULL, NULL, NULL, '1', NULL);
INSERT INTO `act_hi_procinst` VALUES ('b7aa11f5-6ce8-11ea-9169-606dc70da7a3', 'b7aa11f5-6ce8-11ea-9169-606dc70da7a3', '1242020492827807744', 'process_leave:1:0d9a2f54-6cda-11ea-a34e-606dc70da7a3', '2020-03-23 17:28:55', NULL, NULL, NULL, 'START', NULL, NULL, NULL, '1', NULL);
INSERT INTO `act_hi_procinst` VALUES ('b7b0a1af-6ce8-11ea-9169-606dc70da7a3', 'b7b0a1af-6ce8-11ea-9169-606dc70da7a3', '1242020492827807744', 'process_leave:1:0d9a2f54-6cda-11ea-a34e-606dc70da7a3', '2020-03-23 17:28:55', NULL, NULL, NULL, 'START', NULL, NULL, NULL, '1', NULL);
INSERT INTO `act_hi_procinst` VALUES ('f225800b-6cdc-11ea-9169-606dc70da7a3', 'f225800b-6cdc-11ea-9169-606dc70da7a3', '1241999287076900864', 'process_leave:1:0d9a2f54-6cda-11ea-a34e-606dc70da7a3', '2020-03-23 16:04:39', '2020-03-23 16:06:55', 136187, NULL, 'START', 'END', NULL, NULL, '1', NULL);
INSERT INTO `act_hi_procinst` VALUES ('f22b2465-6cdc-11ea-9169-606dc70da7a3', 'f22b2465-6cdc-11ea-9169-606dc70da7a3', '1241999287076900864', 'process_leave:1:0d9a2f54-6cda-11ea-a34e-606dc70da7a3', '2020-03-23 16:04:39', NULL, NULL, NULL, 'START', NULL, NULL, NULL, '1', NULL);

-- ----------------------------
-- Table structure for act_hi_taskinst
-- ----------------------------
DROP TABLE IF EXISTS `act_hi_taskinst`;
CREATE TABLE `act_hi_taskinst`  (
  `ID_` varchar(64) CHARACTER SET utf8 COLLATE utf8_bin NOT NULL,
  `PROC_DEF_ID_` varchar(64) CHARACTER SET utf8 COLLATE utf8_bin NULL DEFAULT NULL,
  `TASK_DEF_KEY_` varchar(255) CHARACTER SET utf8 COLLATE utf8_bin NULL DEFAULT NULL,
  `PROC_INST_ID_` varchar(64) CHARACTER SET utf8 COLLATE utf8_bin NULL DEFAULT NULL,
  `EXECUTION_ID_` varchar(64) CHARACTER SET utf8 COLLATE utf8_bin NULL DEFAULT NULL,
  `NAME_` varchar(255) CHARACTER SET utf8 COLLATE utf8_bin NULL DEFAULT NULL,
  `PARENT_TASK_ID_` varchar(64) CHARACTER SET utf8 COLLATE utf8_bin NULL DEFAULT NULL,
  `DESCRIPTION_` varchar(4000) CHARACTER SET utf8 COLLATE utf8_bin NULL DEFAULT NULL,
  `OWNER_` varchar(255) CHARACTER SET utf8 COLLATE utf8_bin NULL DEFAULT NULL,
  `ASSIGNEE_` varchar(255) CHARACTER SET utf8 COLLATE utf8_bin NULL DEFAULT NULL,
  `START_TIME_` datetime(0) NOT NULL,
  `CLAIM_TIME_` datetime(0) NULL DEFAULT NULL,
  `END_TIME_` datetime(0) NULL DEFAULT NULL,
  `DURATION_` bigint(20) NULL DEFAULT NULL,
  `DELETE_REASON_` varchar(4000) CHARACTER SET utf8 COLLATE utf8_bin NULL DEFAULT NULL,
  `PRIORITY_` int(11) NULL DEFAULT NULL,
  `DUE_DATE_` datetime(0) NULL DEFAULT NULL,
  `FORM_KEY_` varchar(255) CHARACTER SET utf8 COLLATE utf8_bin NULL DEFAULT NULL,
  `CATEGORY_` varchar(255) CHARACTER SET utf8 COLLATE utf8_bin NULL DEFAULT NULL,
  `TENANT_ID_` varchar(255) CHARACTER SET utf8 COLLATE utf8_bin NULL DEFAULT '',
  PRIMARY KEY (`ID_`) USING BTREE,
  INDEX `ACT_IDX_HI_TASK_INST_PROCINST`(`PROC_INST_ID_`) USING BTREE
) ENGINE = InnoDB CHARACTER SET = utf8 COLLATE = utf8_bin ROW_FORMAT = Compact;

-- ----------------------------
-- Records of act_hi_taskinst
-- ----------------------------
INSERT INTO `act_hi_taskinst` VALUES ('0535cff1-6ce3-11ea-9169-606dc70da7a3', 'process_leave:1:0d9a2f54-6cda-11ea-a34e-606dc70da7a3', 'PI', 'a44af028-6ce0-11ea-9169-606dc70da7a3', 'a44b173b-6ce0-11ea-9169-606dc70da7a3', '领导审批', NULL, NULL, NULL, NULL, '2020-03-23 16:48:08', NULL, NULL, NULL, NULL, 50, NULL, NULL, NULL, '1');
INSERT INTO `act_hi_taskinst` VALUES ('0579cfa0-6cde-11ea-9169-606dc70da7a3', 'process_leave:1:0d9a2f54-6cda-11ea-a34e-606dc70da7a3', 'APPLY', '0579a88a-6cde-11ea-9169-606dc70da7a3', '0579cf9d-6cde-11ea-9169-606dc70da7a3', '提交申请', NULL, NULL, NULL, NULL, '2020-03-23 16:12:21', NULL, NULL, NULL, NULL, 50, NULL, NULL, NULL, '1');
INSERT INTO `act_hi_taskinst` VALUES ('057f26da-6cde-11ea-9169-606dc70da7a3', 'process_leave:1:0d9a2f54-6cda-11ea-a34e-606dc70da7a3', 'APPLY', '057effc4-6cde-11ea-9169-606dc70da7a3', '057effc7-6cde-11ea-9169-606dc70da7a3', '提交申请', NULL, NULL, NULL, NULL, '2020-03-23 16:12:21', NULL, '2020-03-23 16:12:21', 942, NULL, 50, NULL, NULL, NULL, '1');
INSERT INTO `act_hi_taskinst` VALUES ('058652d0-6cde-11ea-9169-606dc70da7a3', 'process_leave:1:0d9a2f54-6cda-11ea-a34e-606dc70da7a3', 'CHU', '057effc4-6cde-11ea-9169-606dc70da7a3', '057effc7-6cde-11ea-9169-606dc70da7a3', '初审', NULL, NULL, NULL, NULL, '2020-03-23 16:12:21', NULL, NULL, NULL, NULL, 50, NULL, NULL, NULL, '1');
INSERT INTO `act_hi_taskinst` VALUES ('065509c7-6cdd-11ea-9169-606dc70da7a3', 'process_leave:1:0d9a2f54-6cda-11ea-a34e-606dc70da7a3', 'CHU', 'f225800b-6cdc-11ea-9169-606dc70da7a3', 'f225f53e-6cdc-11ea-9169-606dc70da7a3', '初审', NULL, NULL, NULL, NULL, '2020-03-23 16:05:13', NULL, '2020-03-23 16:05:32', 19957, NULL, 50, NULL, NULL, NULL, '1');
INSERT INTO `act_hi_taskinst` VALUES ('11c0783d-6cdd-11ea-9169-606dc70da7a3', 'process_leave:1:0d9a2f54-6cda-11ea-a34e-606dc70da7a3', 'FU', 'f225800b-6cdc-11ea-9169-606dc70da7a3', 'f225f53e-6cdc-11ea-9169-606dc70da7a3', '复审', NULL, NULL, NULL, NULL, '2020-03-23 16:05:32', NULL, '2020-03-23 16:05:47', 15719, NULL, 50, NULL, NULL, NULL, '1');
INSERT INTO `act_hi_taskinst` VALUES ('14001aa9-6cdb-11ea-9169-606dc70da7a3', 'process_leave:1:0d9a2f54-6cda-11ea-a34e-606dc70da7a3', 'CHU', '77f24e55-6cda-11ea-a34e-606dc70da7a3', '77f27568-6cda-11ea-a34e-606dc70da7a3', '初审', NULL, NULL, NULL, NULL, '2020-03-23 15:51:17', NULL, '2020-03-23 15:52:16', 59467, NULL, 50, NULL, NULL, NULL, '1');
INSERT INTO `act_hi_taskinst` VALUES ('1a8d6e14-6cdd-11ea-9169-606dc70da7a3', 'process_leave:1:0d9a2f54-6cda-11ea-a34e-606dc70da7a3', 'PI', 'f225800b-6cdc-11ea-9169-606dc70da7a3', 'f225f53e-6cdc-11ea-9169-606dc70da7a3', '领导审批', NULL, NULL, NULL, NULL, '2020-03-23 16:05:47', NULL, '2020-03-23 16:06:55', 68167, NULL, 50, NULL, NULL, NULL, '1');
INSERT INTO `act_hi_taskinst` VALUES ('1bdfe8f8-6ce9-11ea-9169-606dc70da7a3', 'process_leave:1:0d9a2f54-6cda-11ea-a34e-606dc70da7a3', 'APPLY', '1bdfc1e2-6ce9-11ea-9169-606dc70da7a3', '1bdfc1e5-6ce9-11ea-9169-606dc70da7a3', '提交申请', NULL, NULL, NULL, NULL, '2020-03-23 17:31:43', NULL, '2020-03-23 17:32:03', 20467, NULL, 50, NULL, NULL, NULL, '1');
INSERT INTO `act_hi_taskinst` VALUES ('1be651a2-6ce9-11ea-9169-606dc70da7a3', 'process_leave:1:0d9a2f54-6cda-11ea-a34e-606dc70da7a3', 'APPLY', '1be6519c-6ce9-11ea-9169-606dc70da7a3', '1be6519f-6ce9-11ea-9169-606dc70da7a3', '提交申请', NULL, NULL, NULL, NULL, '2020-03-23 17:31:43', NULL, '2020-03-23 17:31:43', 991, NULL, 50, NULL, NULL, NULL, '1');
INSERT INTO `act_hi_taskinst` VALUES ('1bed5688-6ce9-11ea-9169-606dc70da7a3', 'process_leave:1:0d9a2f54-6cda-11ea-a34e-606dc70da7a3', 'CHU', '1be6519c-6ce9-11ea-9169-606dc70da7a3', '1be6519f-6ce9-11ea-9169-606dc70da7a3', '初审', NULL, NULL, NULL, NULL, '2020-03-23 17:31:43', NULL, NULL, NULL, NULL, 50, NULL, NULL, NULL, '1');
INSERT INTO `act_hi_taskinst` VALUES ('2789c00e-6ce9-11ea-9169-606dc70da7a3', 'process_leave:1:0d9a2f54-6cda-11ea-a34e-606dc70da7a3', 'CHU', '1bdfc1e2-6ce9-11ea-9169-606dc70da7a3', '1bdfc1e5-6ce9-11ea-9169-606dc70da7a3', '初审', NULL, NULL, NULL, NULL, '2020-03-23 17:32:03', NULL, '2020-03-23 17:32:07', 4199, NULL, 50, NULL, NULL, NULL, '1');
INSERT INTO `act_hi_taskinst` VALUES ('282f3abe-6cdc-11ea-9169-606dc70da7a3', 'process_leave:1:0d9a2f54-6cda-11ea-a34e-606dc70da7a3', 'FU', '77f77e7f-6cda-11ea-a34e-606dc70da7a3', '77f77e82-6cda-11ea-a34e-606dc70da7a3', '复审', NULL, NULL, NULL, NULL, '2020-03-23 15:59:01', NULL, '2020-03-23 15:59:05', 4153, NULL, 50, NULL, NULL, NULL, '1');
INSERT INTO `act_hi_taskinst` VALUES ('29c2e734-6ce9-11ea-9169-606dc70da7a3', 'process_leave:1:0d9a2f54-6cda-11ea-a34e-606dc70da7a3', 'FU', '1bdfc1e2-6ce9-11ea-9169-606dc70da7a3', '1bdfc1e5-6ce9-11ea-9169-606dc70da7a3', '复审', NULL, NULL, NULL, NULL, '2020-03-23 17:32:07', NULL, '2020-03-23 17:32:27', 20629, NULL, 50, NULL, NULL, NULL, '1');
INSERT INTO `act_hi_taskinst` VALUES ('2a9ae395-6cdc-11ea-9169-606dc70da7a3', 'process_leave:1:0d9a2f54-6cda-11ea-a34e-606dc70da7a3', 'PI', '77f77e7f-6cda-11ea-a34e-606dc70da7a3', '77f77e82-6cda-11ea-a34e-606dc70da7a3', '领导审批', NULL, NULL, NULL, NULL, '2020-03-23 15:59:05', NULL, '2020-03-23 15:59:15', 10319, NULL, 50, NULL, NULL, NULL, '1');
INSERT INTO `act_hi_taskinst` VALUES ('35f0461b-6ce9-11ea-9169-606dc70da7a3', 'process_leave:1:0d9a2f54-6cda-11ea-a34e-606dc70da7a3', 'PI', '1bdfc1e2-6ce9-11ea-9169-606dc70da7a3', '1bdfc1e5-6ce9-11ea-9169-606dc70da7a3', '领导审批', NULL, NULL, NULL, NULL, '2020-03-23 17:32:27', NULL, '2020-03-23 17:32:41', 14112, NULL, 50, NULL, NULL, NULL, '1');
INSERT INTO `act_hi_taskinst` VALUES ('37020c7f-6cdb-11ea-9169-606dc70da7a3', 'process_leave:1:0d9a2f54-6cda-11ea-a34e-606dc70da7a3', 'FU', '77f24e55-6cda-11ea-a34e-606dc70da7a3', '77f27568-6cda-11ea-a34e-606dc70da7a3', '复审', NULL, NULL, NULL, NULL, '2020-03-23 15:52:16', NULL, '2020-03-23 15:56:22', 246572, NULL, 50, NULL, NULL, NULL, '1');
INSERT INTO `act_hi_taskinst` VALUES ('581a9cea-6cde-11ea-9169-606dc70da7a3', 'process_leave:1:0d9a2f54-6cda-11ea-a34e-606dc70da7a3', 'APPLY', '581a75d4-6cde-11ea-9169-606dc70da7a3', '581a9ce7-6cde-11ea-9169-606dc70da7a3', '提交申请', NULL, NULL, NULL, NULL, '2020-03-23 16:14:40', NULL, NULL, NULL, NULL, 50, NULL, NULL, NULL, '1');
INSERT INTO `act_hi_taskinst` VALUES ('581ff424-6cde-11ea-9169-606dc70da7a3', 'process_leave:1:0d9a2f54-6cda-11ea-a34e-606dc70da7a3', 'APPLY', '581fcd0e-6cde-11ea-9169-606dc70da7a3', '581fcd11-6cde-11ea-9169-606dc70da7a3', '提交申请', NULL, NULL, NULL, NULL, '2020-03-23 16:14:40', NULL, '2020-03-23 16:14:40', 570, NULL, 50, NULL, NULL, NULL, '1');
INSERT INTO `act_hi_taskinst` VALUES ('58276e3a-6cde-11ea-9169-606dc70da7a3', 'process_leave:1:0d9a2f54-6cda-11ea-a34e-606dc70da7a3', 'CHU', '581fcd0e-6cde-11ea-9169-606dc70da7a3', '581fcd11-6cde-11ea-9169-606dc70da7a3', '初审', NULL, NULL, NULL, NULL, '2020-03-23 16:14:40', NULL, NULL, NULL, NULL, 50, NULL, NULL, NULL, '1');
INSERT INTO `act_hi_taskinst` VALUES ('702dfc14-6cdf-11ea-9169-606dc70da7a3', 'process_leave:1:0d9a2f54-6cda-11ea-a34e-606dc70da7a3', 'APPLY', '702dfc0e-6cdf-11ea-9169-606dc70da7a3', '702dfc11-6cdf-11ea-9169-606dc70da7a3', '提交申请', NULL, NULL, NULL, NULL, '2020-03-23 16:22:30', NULL, NULL, NULL, NULL, 50, NULL, NULL, NULL, '1');
INSERT INTO `act_hi_taskinst` VALUES ('70348bce-6cdf-11ea-9169-606dc70da7a3', 'process_leave:1:0d9a2f54-6cda-11ea-a34e-606dc70da7a3', 'APPLY', '703464b8-6cdf-11ea-9169-606dc70da7a3', '703464bb-6cdf-11ea-9169-606dc70da7a3', '提交申请', NULL, NULL, NULL, NULL, '2020-03-23 16:22:30', NULL, '2020-03-23 16:22:30', 460, NULL, 50, NULL, NULL, NULL, '1');
INSERT INTO `act_hi_taskinst` VALUES ('703acd64-6cdf-11ea-9169-606dc70da7a3', 'process_leave:1:0d9a2f54-6cda-11ea-a34e-606dc70da7a3', 'CHU', '703464b8-6cdf-11ea-9169-606dc70da7a3', '703464bb-6cdf-11ea-9169-606dc70da7a3', '初审', NULL, NULL, NULL, NULL, '2020-03-23 16:22:30', NULL, NULL, NULL, NULL, 50, NULL, NULL, NULL, '1');
INSERT INTO `act_hi_taskinst` VALUES ('77f2756b-6cda-11ea-a34e-606dc70da7a3', 'process_leave:1:0d9a2f54-6cda-11ea-a34e-606dc70da7a3', 'APPLY', '77f24e55-6cda-11ea-a34e-606dc70da7a3', '77f27568-6cda-11ea-a34e-606dc70da7a3', '提交申请', NULL, NULL, NULL, NULL, '2020-03-23 15:46:55', NULL, '2020-03-23 15:51:17', 262678, NULL, 50, NULL, NULL, NULL, '1');
INSERT INTO `act_hi_taskinst` VALUES ('77f77e85-6cda-11ea-a34e-606dc70da7a3', 'process_leave:1:0d9a2f54-6cda-11ea-a34e-606dc70da7a3', 'APPLY', '77f77e7f-6cda-11ea-a34e-606dc70da7a3', '77f77e82-6cda-11ea-a34e-606dc70da7a3', '提交申请', NULL, NULL, NULL, NULL, '2020-03-23 15:46:55', NULL, '2020-03-23 15:46:56', 1006, NULL, 50, NULL, NULL, NULL, '1');
INSERT INTO `act_hi_taskinst` VALUES ('77ff1eab-6cda-11ea-a34e-606dc70da7a3', 'process_leave:1:0d9a2f54-6cda-11ea-a34e-606dc70da7a3', 'CHU', '77f77e7f-6cda-11ea-a34e-606dc70da7a3', '77f77e82-6cda-11ea-a34e-606dc70da7a3', '初审', NULL, NULL, NULL, NULL, '2020-03-23 15:46:56', NULL, '2020-03-23 15:59:01', 725094, NULL, 50, NULL, NULL, NULL, '1');
INSERT INTO `act_hi_taskinst` VALUES ('9aa1fce4-6ce1-11ea-9169-606dc70da7a3', 'process_leave:1:0d9a2f54-6cda-11ea-a34e-606dc70da7a3', 'CHU', 'a44af028-6ce0-11ea-9169-606dc70da7a3', 'a44b173b-6ce0-11ea-9169-606dc70da7a3', '初审', NULL, NULL, NULL, NULL, '2020-03-23 16:38:00', NULL, '2020-03-23 16:47:44', 584429, NULL, 50, NULL, NULL, NULL, '1');
INSERT INTO `act_hi_taskinst` VALUES ('a44b173e-6ce0-11ea-9169-606dc70da7a3', 'process_leave:1:0d9a2f54-6cda-11ea-a34e-606dc70da7a3', 'APPLY', 'a44af028-6ce0-11ea-9169-606dc70da7a3', 'a44b173b-6ce0-11ea-9169-606dc70da7a3', '提交申请', NULL, NULL, NULL, NULL, '2020-03-23 16:31:07', NULL, '2020-03-23 16:38:00', 413593, NULL, 50, NULL, NULL, NULL, '1');
INSERT INTO `act_hi_taskinst` VALUES ('a451a6f8-6ce0-11ea-9169-606dc70da7a3', 'process_leave:1:0d9a2f54-6cda-11ea-a34e-606dc70da7a3', 'APPLY', 'a4517fe2-6ce0-11ea-9169-606dc70da7a3', 'a4517fe5-6ce0-11ea-9169-606dc70da7a3', '提交申请', NULL, NULL, NULL, NULL, '2020-03-23 16:31:07', NULL, '2020-03-23 16:31:07', 408, NULL, 50, NULL, NULL, NULL, '1');
INSERT INTO `act_hi_taskinst` VALUES ('a45b920e-6ce0-11ea-9169-606dc70da7a3', 'process_leave:1:0d9a2f54-6cda-11ea-a34e-606dc70da7a3', 'CHU', 'a4517fe2-6ce0-11ea-9169-606dc70da7a3', 'a4517fe5-6ce0-11ea-9169-606dc70da7a3', '初审', NULL, NULL, NULL, NULL, '2020-03-23 16:31:07', NULL, NULL, NULL, NULL, 50, NULL, NULL, NULL, '1');
INSERT INTO `act_hi_taskinst` VALUES ('b7aa390b-6ce8-11ea-9169-606dc70da7a3', 'process_leave:1:0d9a2f54-6cda-11ea-a34e-606dc70da7a3', 'APPLY', 'b7aa11f5-6ce8-11ea-9169-606dc70da7a3', 'b7aa3908-6ce8-11ea-9169-606dc70da7a3', '提交申请', NULL, NULL, NULL, NULL, '2020-03-23 17:28:55', NULL, '2020-03-23 17:29:19', 24683, NULL, 50, NULL, NULL, NULL, '1');
INSERT INTO `act_hi_taskinst` VALUES ('b7b0c8c5-6ce8-11ea-9169-606dc70da7a3', 'process_leave:1:0d9a2f54-6cda-11ea-a34e-606dc70da7a3', 'APPLY', 'b7b0a1af-6ce8-11ea-9169-606dc70da7a3', 'b7b0c8c2-6ce8-11ea-9169-606dc70da7a3', '提交申请', NULL, NULL, NULL, NULL, '2020-03-23 17:28:55', NULL, '2020-03-23 17:28:55', 876, NULL, 50, NULL, NULL, NULL, '1');
INSERT INTO `act_hi_taskinst` VALUES ('b7b97b5b-6ce8-11ea-9169-606dc70da7a3', 'process_leave:1:0d9a2f54-6cda-11ea-a34e-606dc70da7a3', 'CHU', 'b7b0a1af-6ce8-11ea-9169-606dc70da7a3', 'b7b0c8c2-6ce8-11ea-9169-606dc70da7a3', '初审', NULL, NULL, NULL, NULL, '2020-03-23 17:28:55', NULL, NULL, NULL, NULL, 50, NULL, NULL, NULL, '1');
INSERT INTO `act_hi_taskinst` VALUES ('c5e9d631-6ce8-11ea-9169-606dc70da7a3', 'process_leave:1:0d9a2f54-6cda-11ea-a34e-606dc70da7a3', 'CHU', 'b7aa11f5-6ce8-11ea-9169-606dc70da7a3', 'b7aa3908-6ce8-11ea-9169-606dc70da7a3', '初审', NULL, NULL, NULL, NULL, '2020-03-23 17:29:19', NULL, '2020-03-23 17:29:22', 3738, NULL, 50, NULL, NULL, NULL, '1');
INSERT INTO `act_hi_taskinst` VALUES ('c7bbd717-6ce8-11ea-9169-606dc70da7a3', 'process_leave:1:0d9a2f54-6cda-11ea-a34e-606dc70da7a3', 'FU', 'b7aa11f5-6ce8-11ea-9169-606dc70da7a3', 'b7aa3908-6ce8-11ea-9169-606dc70da7a3', '复审', NULL, NULL, NULL, NULL, '2020-03-23 17:29:22', NULL, '2020-03-23 17:29:38', 16373, NULL, 50, NULL, NULL, NULL, '1');
INSERT INTO `act_hi_taskinst` VALUES ('c9b8a486-6cdb-11ea-9169-606dc70da7a3', 'process_leave:1:0d9a2f54-6cda-11ea-a34e-606dc70da7a3', 'PI', '77f24e55-6cda-11ea-a34e-606dc70da7a3', '77f27568-6cda-11ea-a34e-606dc70da7a3', '领导审批', NULL, NULL, NULL, NULL, '2020-03-23 15:56:22', NULL, '2020-03-23 15:58:23', 121076, NULL, 50, NULL, NULL, NULL, '1');
INSERT INTO `act_hi_taskinst` VALUES ('d10f13ee-6ce8-11ea-9169-606dc70da7a3', 'process_leave:1:0d9a2f54-6cda-11ea-a34e-606dc70da7a3', 'PI', 'b7aa11f5-6ce8-11ea-9169-606dc70da7a3', 'b7aa3908-6ce8-11ea-9169-606dc70da7a3', '领导审批', NULL, NULL, NULL, NULL, '2020-03-23 17:29:38', NULL, NULL, NULL, NULL, 50, NULL, NULL, NULL, '1');
INSERT INTO `act_hi_taskinst` VALUES ('f2266a71-6cdc-11ea-9169-606dc70da7a3', 'process_leave:1:0d9a2f54-6cda-11ea-a34e-606dc70da7a3', 'APPLY', 'f225800b-6cdc-11ea-9169-606dc70da7a3', 'f225f53e-6cdc-11ea-9169-606dc70da7a3', '提交申请', NULL, NULL, NULL, NULL, '2020-03-23 16:04:39', NULL, '2020-03-23 16:05:13', 34799, NULL, 50, NULL, NULL, NULL, '1');
INSERT INTO `act_hi_taskinst` VALUES ('f22b4b7b-6cdc-11ea-9169-606dc70da7a3', 'process_leave:1:0d9a2f54-6cda-11ea-a34e-606dc70da7a3', 'APPLY', 'f22b2465-6cdc-11ea-9169-606dc70da7a3', 'f22b2468-6cdc-11ea-9169-606dc70da7a3', '提交申请', NULL, NULL, NULL, NULL, '2020-03-23 16:04:39', NULL, '2020-03-23 16:04:40', 1018, NULL, 50, NULL, NULL, NULL, '1');
INSERT INTO `act_hi_taskinst` VALUES ('f2327771-6cdc-11ea-9169-606dc70da7a3', 'process_leave:1:0d9a2f54-6cda-11ea-a34e-606dc70da7a3', 'CHU', 'f22b2465-6cdc-11ea-9169-606dc70da7a3', 'f22b2468-6cdc-11ea-9169-606dc70da7a3', '初审', NULL, NULL, NULL, NULL, '2020-03-23 16:04:40', NULL, NULL, NULL, NULL, 50, NULL, NULL, NULL, '1');
INSERT INTO `act_hi_taskinst` VALUES ('f6a071ba-6ce2-11ea-9169-606dc70da7a3', 'process_leave:1:0d9a2f54-6cda-11ea-a34e-606dc70da7a3', 'FU', 'a44af028-6ce0-11ea-9169-606dc70da7a3', 'a44b173b-6ce0-11ea-9169-606dc70da7a3', '复审', NULL, NULL, NULL, NULL, '2020-03-23 16:47:44', NULL, '2020-03-23 16:48:08', 24891, NULL, 50, NULL, NULL, NULL, '1');

-- ----------------------------
-- Table structure for act_hi_varinst
-- ----------------------------
DROP TABLE IF EXISTS `act_hi_varinst`;
CREATE TABLE `act_hi_varinst`  (
  `ID_` varchar(64) CHARACTER SET utf8 COLLATE utf8_bin NOT NULL,
  `PROC_INST_ID_` varchar(64) CHARACTER SET utf8 COLLATE utf8_bin NULL DEFAULT NULL,
  `EXECUTION_ID_` varchar(64) CHARACTER SET utf8 COLLATE utf8_bin NULL DEFAULT NULL,
  `TASK_ID_` varchar(64) CHARACTER SET utf8 COLLATE utf8_bin NULL DEFAULT NULL,
  `NAME_` varchar(255) CHARACTER SET utf8 COLLATE utf8_bin NOT NULL,
  `VAR_TYPE_` varchar(100) CHARACTER SET utf8 COLLATE utf8_bin NULL DEFAULT NULL,
  `REV_` int(11) NULL DEFAULT NULL,
  `BYTEARRAY_ID_` varchar(64) CHARACTER SET utf8 COLLATE utf8_bin NULL DEFAULT NULL,
  `DOUBLE_` double NULL DEFAULT NULL,
  `LONG_` bigint(20) NULL DEFAULT NULL,
  `TEXT_` varchar(4000) CHARACTER SET utf8 COLLATE utf8_bin NULL DEFAULT NULL,
  `TEXT2_` varchar(4000) CHARACTER SET utf8 COLLATE utf8_bin NULL DEFAULT NULL,
  `CREATE_TIME_` datetime(0) NULL DEFAULT NULL,
  `LAST_UPDATED_TIME_` datetime(0) NULL DEFAULT NULL,
  PRIMARY KEY (`ID_`) USING BTREE,
  INDEX `ACT_IDX_HI_PROCVAR_PROC_INST`(`PROC_INST_ID_`) USING BTREE,
  INDEX `ACT_IDX_HI_PROCVAR_NAME_TYPE`(`NAME_`, `VAR_TYPE_`) USING BTREE,
  INDEX `ACT_IDX_HI_PROCVAR_TASK_ID`(`TASK_ID_`) USING BTREE
) ENGINE = InnoDB CHARACTER SET = utf8 COLLATE = utf8_bin ROW_FORMAT = Compact;

-- ----------------------------
-- Records of act_hi_varinst
-- ----------------------------
INSERT INTO `act_hi_varinst` VALUES ('0535f702-6ce3-11ea-9169-606dc70da7a3', 'a44af028-6ce0-11ea-9169-606dc70da7a3', 'a44b173b-6ce0-11ea-9169-606dc70da7a3', '0535cff1-6ce3-11ea-9169-606dc70da7a3', 'days', 'integer', 0, NULL, NULL, 9, '9', NULL, '2020-03-23 16:48:08', '2020-03-23 16:48:08');
INSERT INTO `act_hi_varinst` VALUES ('0579a88b-6cde-11ea-9169-606dc70da7a3', '0579a88a-6cde-11ea-9169-606dc70da7a3', '0579a88a-6cde-11ea-9169-606dc70da7a3', NULL, 'days', 'double', 0, NULL, 1.5, NULL, NULL, NULL, '2020-03-23 16:12:21', '2020-03-23 16:12:21');
INSERT INTO `act_hi_varinst` VALUES ('0579f6b1-6cde-11ea-9169-606dc70da7a3', '0579a88a-6cde-11ea-9169-606dc70da7a3', '0579cf9d-6cde-11ea-9169-606dc70da7a3', '0579cfa0-6cde-11ea-9169-606dc70da7a3', 'days', 'double', 0, NULL, 1.5, NULL, NULL, NULL, '2020-03-23 16:12:21', '2020-03-23 16:12:21');
INSERT INTO `act_hi_varinst` VALUES ('057effc5-6cde-11ea-9169-606dc70da7a3', '057effc4-6cde-11ea-9169-606dc70da7a3', '057effc4-6cde-11ea-9169-606dc70da7a3', NULL, 'days', 'double', 1, NULL, 1.5, NULL, NULL, NULL, '2020-03-23 16:12:21', '2020-03-23 16:12:21');
INSERT INTO `act_hi_varinst` VALUES ('057f4deb-6cde-11ea-9169-606dc70da7a3', '057effc4-6cde-11ea-9169-606dc70da7a3', '057effc7-6cde-11ea-9169-606dc70da7a3', '057f26da-6cde-11ea-9169-606dc70da7a3', 'days', 'double', 0, NULL, 1.5, NULL, NULL, NULL, '2020-03-23 16:12:21', '2020-03-23 16:12:21');
INSERT INTO `act_hi_varinst` VALUES ('058679e1-6cde-11ea-9169-606dc70da7a3', '057effc4-6cde-11ea-9169-606dc70da7a3', '057effc7-6cde-11ea-9169-606dc70da7a3', '058652d0-6cde-11ea-9169-606dc70da7a3', 'days', 'double', 0, NULL, 1.5, NULL, NULL, NULL, '2020-03-23 16:12:21', '2020-03-23 16:12:21');
INSERT INTO `act_hi_varinst` VALUES ('065557e8-6cdd-11ea-9169-606dc70da7a3', 'f225800b-6cdc-11ea-9169-606dc70da7a3', 'f225f53e-6cdc-11ea-9169-606dc70da7a3', '065509c7-6cdd-11ea-9169-606dc70da7a3', 'days', 'integer', 0, NULL, NULL, 12, '12', NULL, '2020-03-23 16:05:13', '2020-03-23 16:05:13');
INSERT INTO `act_hi_varinst` VALUES ('11c0c65e-6cdd-11ea-9169-606dc70da7a3', 'f225800b-6cdc-11ea-9169-606dc70da7a3', 'f225f53e-6cdc-11ea-9169-606dc70da7a3', '11c0783d-6cdd-11ea-9169-606dc70da7a3', 'days', 'integer', 0, NULL, NULL, 12, '12', NULL, '2020-03-23 16:05:32', '2020-03-23 16:05:32');
INSERT INTO `act_hi_varinst` VALUES ('14008fda-6cdb-11ea-9169-606dc70da7a3', '77f24e55-6cda-11ea-a34e-606dc70da7a3', '77f27568-6cda-11ea-a34e-606dc70da7a3', '14001aa9-6cdb-11ea-9169-606dc70da7a3', 'days', 'integer', 0, NULL, NULL, 15, '15', NULL, '2020-03-23 15:51:17', '2020-03-23 15:51:17');
INSERT INTO `act_hi_varinst` VALUES ('1a8d6e15-6cdd-11ea-9169-606dc70da7a3', 'f225800b-6cdc-11ea-9169-606dc70da7a3', 'f225f53e-6cdc-11ea-9169-606dc70da7a3', '1a8d6e14-6cdd-11ea-9169-606dc70da7a3', 'days', 'integer', 0, NULL, NULL, 12, '12', NULL, '2020-03-23 16:05:47', '2020-03-23 16:05:47');
INSERT INTO `act_hi_varinst` VALUES ('1bdfc1e3-6ce9-11ea-9169-606dc70da7a3', '1bdfc1e2-6ce9-11ea-9169-606dc70da7a3', '1bdfc1e2-6ce9-11ea-9169-606dc70da7a3', NULL, 'days', 'integer', 4, NULL, NULL, 12, '12', NULL, '2020-03-23 17:31:43', '2020-03-23 17:32:41');
INSERT INTO `act_hi_varinst` VALUES ('1bdfe8f9-6ce9-11ea-9169-606dc70da7a3', '1bdfc1e2-6ce9-11ea-9169-606dc70da7a3', '1bdfc1e5-6ce9-11ea-9169-606dc70da7a3', '1bdfe8f8-6ce9-11ea-9169-606dc70da7a3', 'days', 'integer', 0, NULL, NULL, 12, '12', NULL, '2020-03-23 17:31:43', '2020-03-23 17:31:43');
INSERT INTO `act_hi_varinst` VALUES ('1be6519d-6ce9-11ea-9169-606dc70da7a3', '1be6519c-6ce9-11ea-9169-606dc70da7a3', '1be6519c-6ce9-11ea-9169-606dc70da7a3', NULL, 'days', 'integer', 1, NULL, NULL, 12, '12', NULL, '2020-03-23 17:31:43', '2020-03-23 17:31:43');
INSERT INTO `act_hi_varinst` VALUES ('1be678b3-6ce9-11ea-9169-606dc70da7a3', '1be6519c-6ce9-11ea-9169-606dc70da7a3', '1be6519f-6ce9-11ea-9169-606dc70da7a3', '1be651a2-6ce9-11ea-9169-606dc70da7a3', 'days', 'integer', 0, NULL, NULL, 12, '12', NULL, '2020-03-23 17:31:43', '2020-03-23 17:31:43');
INSERT INTO `act_hi_varinst` VALUES ('1beda4a9-6ce9-11ea-9169-606dc70da7a3', '1be6519c-6ce9-11ea-9169-606dc70da7a3', '1be6519f-6ce9-11ea-9169-606dc70da7a3', '1bed5688-6ce9-11ea-9169-606dc70da7a3', 'days', 'integer', 0, NULL, NULL, 12, '12', NULL, '2020-03-23 17:31:43', '2020-03-23 17:31:43');
INSERT INTO `act_hi_varinst` VALUES ('278a0e2f-6ce9-11ea-9169-606dc70da7a3', '1bdfc1e2-6ce9-11ea-9169-606dc70da7a3', '1bdfc1e5-6ce9-11ea-9169-606dc70da7a3', '2789c00e-6ce9-11ea-9169-606dc70da7a3', 'days', 'integer', 0, NULL, NULL, 12, '12', NULL, '2020-03-23 17:32:03', '2020-03-23 17:32:03');
INSERT INTO `act_hi_varinst` VALUES ('282fafef-6cdc-11ea-9169-606dc70da7a3', '77f77e7f-6cda-11ea-a34e-606dc70da7a3', '77f77e82-6cda-11ea-a34e-606dc70da7a3', '282f3abe-6cdc-11ea-9169-606dc70da7a3', 'days', 'integer', 0, NULL, NULL, 15, '15', NULL, '2020-03-23 15:59:01', '2020-03-23 15:59:01');
INSERT INTO `act_hi_varinst` VALUES ('29c30e45-6ce9-11ea-9169-606dc70da7a3', '1bdfc1e2-6ce9-11ea-9169-606dc70da7a3', '1bdfc1e5-6ce9-11ea-9169-606dc70da7a3', '29c2e734-6ce9-11ea-9169-606dc70da7a3', 'days', 'integer', 0, NULL, NULL, 12, '12', NULL, '2020-03-23 17:32:07', '2020-03-23 17:32:07');
INSERT INTO `act_hi_varinst` VALUES ('2a9b0aa6-6cdc-11ea-9169-606dc70da7a3', '77f77e7f-6cda-11ea-a34e-606dc70da7a3', '77f77e82-6cda-11ea-a34e-606dc70da7a3', '2a9ae395-6cdc-11ea-9169-606dc70da7a3', 'days', 'integer', 0, NULL, NULL, 15, '15', NULL, '2020-03-23 15:59:05', '2020-03-23 15:59:05');
INSERT INTO `act_hi_varinst` VALUES ('35f0461c-6ce9-11ea-9169-606dc70da7a3', '1bdfc1e2-6ce9-11ea-9169-606dc70da7a3', '1bdfc1e5-6ce9-11ea-9169-606dc70da7a3', '35f0461b-6ce9-11ea-9169-606dc70da7a3', 'days', 'integer', 0, NULL, NULL, 12, '12', NULL, '2020-03-23 17:32:27', '2020-03-23 17:32:27');
INSERT INTO `act_hi_varinst` VALUES ('37023390-6cdb-11ea-9169-606dc70da7a3', '77f24e55-6cda-11ea-a34e-606dc70da7a3', '77f27568-6cda-11ea-a34e-606dc70da7a3', '37020c7f-6cdb-11ea-9169-606dc70da7a3', 'days', 'integer', 0, NULL, NULL, 15, '15', NULL, '2020-03-23 15:52:16', '2020-03-23 15:52:16');
INSERT INTO `act_hi_varinst` VALUES ('581a9ce5-6cde-11ea-9169-606dc70da7a3', '581a75d4-6cde-11ea-9169-606dc70da7a3', '581a75d4-6cde-11ea-9169-606dc70da7a3', NULL, 'days', 'integer', 0, NULL, NULL, 1, '1', NULL, '2020-03-23 16:14:40', '2020-03-23 16:14:40');
INSERT INTO `act_hi_varinst` VALUES ('581ac3fb-6cde-11ea-9169-606dc70da7a3', '581a75d4-6cde-11ea-9169-606dc70da7a3', '581a9ce7-6cde-11ea-9169-606dc70da7a3', '581a9cea-6cde-11ea-9169-606dc70da7a3', 'days', 'integer', 0, NULL, NULL, 1, '1', NULL, '2020-03-23 16:14:40', '2020-03-23 16:14:40');
INSERT INTO `act_hi_varinst` VALUES ('581fcd0f-6cde-11ea-9169-606dc70da7a3', '581fcd0e-6cde-11ea-9169-606dc70da7a3', '581fcd0e-6cde-11ea-9169-606dc70da7a3', NULL, 'days', 'integer', 1, NULL, NULL, 1, '1', NULL, '2020-03-23 16:14:40', '2020-03-23 16:14:40');
INSERT INTO `act_hi_varinst` VALUES ('58201b35-6cde-11ea-9169-606dc70da7a3', '581fcd0e-6cde-11ea-9169-606dc70da7a3', '581fcd11-6cde-11ea-9169-606dc70da7a3', '581ff424-6cde-11ea-9169-606dc70da7a3', 'days', 'integer', 0, NULL, NULL, 1, '1', NULL, '2020-03-23 16:14:40', '2020-03-23 16:14:40');
INSERT INTO `act_hi_varinst` VALUES ('5827954b-6cde-11ea-9169-606dc70da7a3', '581fcd0e-6cde-11ea-9169-606dc70da7a3', '581fcd11-6cde-11ea-9169-606dc70da7a3', '58276e3a-6cde-11ea-9169-606dc70da7a3', 'days', 'integer', 0, NULL, NULL, 1, '1', NULL, '2020-03-23 16:14:40', '2020-03-23 16:14:40');
INSERT INTO `act_hi_varinst` VALUES ('702dfc0f-6cdf-11ea-9169-606dc70da7a3', '702dfc0e-6cdf-11ea-9169-606dc70da7a3', '702dfc0e-6cdf-11ea-9169-606dc70da7a3', NULL, 'days', 'double', 0, NULL, 3.5, NULL, NULL, NULL, '2020-03-23 16:22:30', '2020-03-23 16:22:30');
INSERT INTO `act_hi_varinst` VALUES ('702e4a35-6cdf-11ea-9169-606dc70da7a3', '702dfc0e-6cdf-11ea-9169-606dc70da7a3', '702dfc11-6cdf-11ea-9169-606dc70da7a3', '702dfc14-6cdf-11ea-9169-606dc70da7a3', 'days', 'double', 0, NULL, 3.5, NULL, NULL, NULL, '2020-03-23 16:22:30', '2020-03-23 16:22:30');
INSERT INTO `act_hi_varinst` VALUES ('703464b9-6cdf-11ea-9169-606dc70da7a3', '703464b8-6cdf-11ea-9169-606dc70da7a3', '703464b8-6cdf-11ea-9169-606dc70da7a3', NULL, 'days', 'double', 1, NULL, 3.5, NULL, NULL, NULL, '2020-03-23 16:22:30', '2020-03-23 16:22:30');
INSERT INTO `act_hi_varinst` VALUES ('70348bcf-6cdf-11ea-9169-606dc70da7a3', '703464b8-6cdf-11ea-9169-606dc70da7a3', '703464bb-6cdf-11ea-9169-606dc70da7a3', '70348bce-6cdf-11ea-9169-606dc70da7a3', 'days', 'double', 0, NULL, 3.5, NULL, NULL, NULL, '2020-03-23 16:22:30', '2020-03-23 16:22:30');
INSERT INTO `act_hi_varinst` VALUES ('703acd65-6cdf-11ea-9169-606dc70da7a3', '703464b8-6cdf-11ea-9169-606dc70da7a3', '703464bb-6cdf-11ea-9169-606dc70da7a3', '703acd64-6cdf-11ea-9169-606dc70da7a3', 'days', 'double', 0, NULL, 3.5, NULL, NULL, NULL, '2020-03-23 16:22:30', '2020-03-23 16:22:30');
INSERT INTO `act_hi_varinst` VALUES ('77f24e56-6cda-11ea-a34e-606dc70da7a3', '77f24e55-6cda-11ea-a34e-606dc70da7a3', '77f24e55-6cda-11ea-a34e-606dc70da7a3', NULL, 'days', 'integer', 4, NULL, NULL, 15, '15', NULL, '2020-03-23 15:46:55', '2020-03-23 15:58:23');
INSERT INTO `act_hi_varinst` VALUES ('77f29c7c-6cda-11ea-a34e-606dc70da7a3', '77f24e55-6cda-11ea-a34e-606dc70da7a3', '77f27568-6cda-11ea-a34e-606dc70da7a3', '77f2756b-6cda-11ea-a34e-606dc70da7a3', 'days', 'integer', 0, NULL, NULL, 15, '15', NULL, '2020-03-23 15:46:55', '2020-03-23 15:46:55');
INSERT INTO `act_hi_varinst` VALUES ('77f77e80-6cda-11ea-a34e-606dc70da7a3', '77f77e7f-6cda-11ea-a34e-606dc70da7a3', '77f77e7f-6cda-11ea-a34e-606dc70da7a3', NULL, 'days', 'integer', 4, NULL, NULL, 15, '15', NULL, '2020-03-23 15:46:55', '2020-03-23 15:59:15');
INSERT INTO `act_hi_varinst` VALUES ('77f7a496-6cda-11ea-a34e-606dc70da7a3', '77f77e7f-6cda-11ea-a34e-606dc70da7a3', '77f77e82-6cda-11ea-a34e-606dc70da7a3', '77f77e85-6cda-11ea-a34e-606dc70da7a3', 'days', 'integer', 0, NULL, NULL, 15, '15', NULL, '2020-03-23 15:46:55', '2020-03-23 15:46:55');
INSERT INTO `act_hi_varinst` VALUES ('77ff45bc-6cda-11ea-a34e-606dc70da7a3', '77f77e7f-6cda-11ea-a34e-606dc70da7a3', '77f77e82-6cda-11ea-a34e-606dc70da7a3', '77ff1eab-6cda-11ea-a34e-606dc70da7a3', 'days', 'integer', 0, NULL, NULL, 15, '15', NULL, '2020-03-23 15:46:56', '2020-03-23 15:46:56');
INSERT INTO `act_hi_varinst` VALUES ('9aa24b05-6ce1-11ea-9169-606dc70da7a3', 'a44af028-6ce0-11ea-9169-606dc70da7a3', 'a44b173b-6ce0-11ea-9169-606dc70da7a3', '9aa1fce4-6ce1-11ea-9169-606dc70da7a3', 'days', 'integer', 0, NULL, NULL, 9, '9', NULL, '2020-03-23 16:38:00', '2020-03-23 16:38:00');
INSERT INTO `act_hi_varinst` VALUES ('a44af029-6ce0-11ea-9169-606dc70da7a3', 'a44af028-6ce0-11ea-9169-606dc70da7a3', 'a44af028-6ce0-11ea-9169-606dc70da7a3', NULL, 'days', 'integer', 3, NULL, NULL, 9, '9', NULL, '2020-03-23 16:31:07', '2020-03-23 16:48:08');
INSERT INTO `act_hi_varinst` VALUES ('a44b3e4f-6ce0-11ea-9169-606dc70da7a3', 'a44af028-6ce0-11ea-9169-606dc70da7a3', 'a44b173b-6ce0-11ea-9169-606dc70da7a3', 'a44b173e-6ce0-11ea-9169-606dc70da7a3', 'days', 'integer', 0, NULL, NULL, 9, '9', NULL, '2020-03-23 16:31:07', '2020-03-23 16:31:07');
INSERT INTO `act_hi_varinst` VALUES ('a4517fe3-6ce0-11ea-9169-606dc70da7a3', 'a4517fe2-6ce0-11ea-9169-606dc70da7a3', 'a4517fe2-6ce0-11ea-9169-606dc70da7a3', NULL, 'days', 'integer', 1, NULL, NULL, 9, '9', NULL, '2020-03-23 16:31:07', '2020-03-23 16:31:07');
INSERT INTO `act_hi_varinst` VALUES ('a451f519-6ce0-11ea-9169-606dc70da7a3', 'a4517fe2-6ce0-11ea-9169-606dc70da7a3', 'a4517fe5-6ce0-11ea-9169-606dc70da7a3', 'a451a6f8-6ce0-11ea-9169-606dc70da7a3', 'days', 'integer', 0, NULL, NULL, 9, '9', NULL, '2020-03-23 16:31:07', '2020-03-23 16:31:07');
INSERT INTO `act_hi_varinst` VALUES ('a45be02f-6ce0-11ea-9169-606dc70da7a3', 'a4517fe2-6ce0-11ea-9169-606dc70da7a3', 'a4517fe5-6ce0-11ea-9169-606dc70da7a3', 'a45b920e-6ce0-11ea-9169-606dc70da7a3', 'days', 'integer', 0, NULL, NULL, 9, '9', NULL, '2020-03-23 16:31:07', '2020-03-23 16:31:07');
INSERT INTO `act_hi_varinst` VALUES ('b7aa11f6-6ce8-11ea-9169-606dc70da7a3', 'b7aa11f5-6ce8-11ea-9169-606dc70da7a3', 'b7aa11f5-6ce8-11ea-9169-606dc70da7a3', NULL, 'days', 'integer', 3, NULL, NULL, 6, '6', NULL, '2020-03-23 17:28:55', '2020-03-23 17:29:38');
INSERT INTO `act_hi_varinst` VALUES ('b7aa872c-6ce8-11ea-9169-606dc70da7a3', 'b7aa11f5-6ce8-11ea-9169-606dc70da7a3', 'b7aa3908-6ce8-11ea-9169-606dc70da7a3', 'b7aa390b-6ce8-11ea-9169-606dc70da7a3', 'days', 'integer', 0, NULL, NULL, 6, '6', NULL, '2020-03-23 17:28:55', '2020-03-23 17:28:55');
INSERT INTO `act_hi_varinst` VALUES ('b7b0a1b0-6ce8-11ea-9169-606dc70da7a3', 'b7b0a1af-6ce8-11ea-9169-606dc70da7a3', 'b7b0a1af-6ce8-11ea-9169-606dc70da7a3', NULL, 'days', 'integer', 1, NULL, NULL, 6, '6', NULL, '2020-03-23 17:28:55', '2020-03-23 17:28:55');
INSERT INTO `act_hi_varinst` VALUES ('b7b116e6-6ce8-11ea-9169-606dc70da7a3', 'b7b0a1af-6ce8-11ea-9169-606dc70da7a3', 'b7b0c8c2-6ce8-11ea-9169-606dc70da7a3', 'b7b0c8c5-6ce8-11ea-9169-606dc70da7a3', 'days', 'integer', 0, NULL, NULL, 6, '6', NULL, '2020-03-23 17:28:55', '2020-03-23 17:28:55');
INSERT INTO `act_hi_varinst` VALUES ('b7b9c97c-6ce8-11ea-9169-606dc70da7a3', 'b7b0a1af-6ce8-11ea-9169-606dc70da7a3', 'b7b0c8c2-6ce8-11ea-9169-606dc70da7a3', 'b7b97b5b-6ce8-11ea-9169-606dc70da7a3', 'days', 'integer', 0, NULL, NULL, 6, '6', NULL, '2020-03-23 17:28:55', '2020-03-23 17:28:55');
INSERT INTO `act_hi_varinst` VALUES ('c5e9fd42-6ce8-11ea-9169-606dc70da7a3', 'b7aa11f5-6ce8-11ea-9169-606dc70da7a3', 'b7aa3908-6ce8-11ea-9169-606dc70da7a3', 'c5e9d631-6ce8-11ea-9169-606dc70da7a3', 'days', 'integer', 0, NULL, NULL, 6, '6', NULL, '2020-03-23 17:29:19', '2020-03-23 17:29:19');
INSERT INTO `act_hi_varinst` VALUES ('c7bc4c48-6ce8-11ea-9169-606dc70da7a3', 'b7aa11f5-6ce8-11ea-9169-606dc70da7a3', 'b7aa3908-6ce8-11ea-9169-606dc70da7a3', 'c7bbd717-6ce8-11ea-9169-606dc70da7a3', 'days', 'integer', 0, NULL, NULL, 6, '6', NULL, '2020-03-23 17:29:22', '2020-03-23 17:29:22');
INSERT INTO `act_hi_varinst` VALUES ('c9b8cb97-6cdb-11ea-9169-606dc70da7a3', '77f24e55-6cda-11ea-a34e-606dc70da7a3', '77f27568-6cda-11ea-a34e-606dc70da7a3', 'c9b8a486-6cdb-11ea-9169-606dc70da7a3', 'days', 'integer', 0, NULL, NULL, 15, '15', NULL, '2020-03-23 15:56:22', '2020-03-23 15:56:22');
INSERT INTO `act_hi_varinst` VALUES ('d10fb02f-6ce8-11ea-9169-606dc70da7a3', 'b7aa11f5-6ce8-11ea-9169-606dc70da7a3', 'b7aa3908-6ce8-11ea-9169-606dc70da7a3', 'd10f13ee-6ce8-11ea-9169-606dc70da7a3', 'days', 'integer', 0, NULL, NULL, 6, '6', NULL, '2020-03-23 17:29:38', '2020-03-23 17:29:38');
INSERT INTO `act_hi_varinst` VALUES ('f225ce2c-6cdc-11ea-9169-606dc70da7a3', 'f225800b-6cdc-11ea-9169-606dc70da7a3', 'f225800b-6cdc-11ea-9169-606dc70da7a3', NULL, 'days', 'integer', 4, NULL, NULL, 12, '12', NULL, '2020-03-23 16:04:39', '2020-03-23 16:06:55');
INSERT INTO `act_hi_varinst` VALUES ('f2269082-6cdc-11ea-9169-606dc70da7a3', 'f225800b-6cdc-11ea-9169-606dc70da7a3', 'f225f53e-6cdc-11ea-9169-606dc70da7a3', 'f2266a71-6cdc-11ea-9169-606dc70da7a3', 'days', 'integer', 0, NULL, NULL, 12, '12', NULL, '2020-03-23 16:04:39', '2020-03-23 16:04:39');
INSERT INTO `act_hi_varinst` VALUES ('f22b2466-6cdc-11ea-9169-606dc70da7a3', 'f22b2465-6cdc-11ea-9169-606dc70da7a3', 'f22b2465-6cdc-11ea-9169-606dc70da7a3', NULL, 'days', 'integer', 1, NULL, NULL, 12, '12', NULL, '2020-03-23 16:04:39', '2020-03-23 16:04:40');
INSERT INTO `act_hi_varinst` VALUES ('f22b728c-6cdc-11ea-9169-606dc70da7a3', 'f22b2465-6cdc-11ea-9169-606dc70da7a3', 'f22b2468-6cdc-11ea-9169-606dc70da7a3', 'f22b4b7b-6cdc-11ea-9169-606dc70da7a3', 'days', 'integer', 0, NULL, NULL, 12, '12', NULL, '2020-03-23 16:04:39', '2020-03-23 16:04:39');
INSERT INTO `act_hi_varinst` VALUES ('f2329e82-6cdc-11ea-9169-606dc70da7a3', 'f22b2465-6cdc-11ea-9169-606dc70da7a3', 'f22b2468-6cdc-11ea-9169-606dc70da7a3', 'f2327771-6cdc-11ea-9169-606dc70da7a3', 'days', 'integer', 0, NULL, NULL, 12, '12', NULL, '2020-03-23 16:04:40', '2020-03-23 16:04:40');
INSERT INTO `act_hi_varinst` VALUES ('f6a0bfdb-6ce2-11ea-9169-606dc70da7a3', 'a44af028-6ce0-11ea-9169-606dc70da7a3', 'a44b173b-6ce0-11ea-9169-606dc70da7a3', 'f6a071ba-6ce2-11ea-9169-606dc70da7a3', 'days', 'integer', 0, NULL, NULL, 9, '9', NULL, '2020-03-23 16:47:44', '2020-03-23 16:47:44');

-- ----------------------------
-- Table structure for act_procdef_info
-- ----------------------------
DROP TABLE IF EXISTS `act_procdef_info`;
CREATE TABLE `act_procdef_info`  (
  `ID_` varchar(64) CHARACTER SET utf8 COLLATE utf8_bin NOT NULL,
  `PROC_DEF_ID_` varchar(64) CHARACTER SET utf8 COLLATE utf8_bin NOT NULL,
  `REV_` int(11) NULL DEFAULT NULL,
  `INFO_JSON_ID_` varchar(64) CHARACTER SET utf8 COLLATE utf8_bin NULL DEFAULT NULL,
  PRIMARY KEY (`ID_`) USING BTREE,
  UNIQUE INDEX `ACT_UNIQ_INFO_PROCDEF`(`PROC_DEF_ID_`) USING BTREE,
  INDEX `ACT_IDX_INFO_PROCDEF`(`PROC_DEF_ID_`) USING BTREE,
  INDEX `ACT_FK_INFO_JSON_BA`(`INFO_JSON_ID_`) USING BTREE,
  CONSTRAINT `ACT_FK_INFO_JSON_BA` FOREIGN KEY (`INFO_JSON_ID_`) REFERENCES `act_ge_bytearray` (`ID_`) ON DELETE RESTRICT ON UPDATE RESTRICT,
  CONSTRAINT `ACT_FK_INFO_PROCDEF` FOREIGN KEY (`PROC_DEF_ID_`) REFERENCES `act_re_procdef` (`ID_`) ON DELETE RESTRICT ON UPDATE RESTRICT
) ENGINE = InnoDB CHARACTER SET = utf8 COLLATE = utf8_bin ROW_FORMAT = Compact;

-- ----------------------------
-- Records of act_procdef_info
-- ----------------------------

-- ----------------------------
-- Table structure for act_re_deployment
-- ----------------------------
DROP TABLE IF EXISTS `act_re_deployment`;
CREATE TABLE `act_re_deployment`  (
  `ID_` varchar(64) CHARACTER SET utf8 COLLATE utf8_bin NOT NULL DEFAULT '',
  `NAME_` varchar(255) CHARACTER SET utf8 COLLATE utf8_bin NULL DEFAULT NULL,
  `CATEGORY_` varchar(255) CHARACTER SET utf8 COLLATE utf8_bin NULL DEFAULT NULL,
  `KEY_` varchar(255) CHARACTER SET utf8 COLLATE utf8_bin NULL DEFAULT NULL,
  `TENANT_ID_` varchar(255) CHARACTER SET utf8 COLLATE utf8_bin NULL DEFAULT '',
  `DEPLOY_TIME_` timestamp(0) NULL DEFAULT NULL,
  `ENGINE_VERSION_` varchar(255) CHARACTER SET utf8 COLLATE utf8_bin NULL DEFAULT NULL,
  PRIMARY KEY (`ID_`) USING BTREE
) ENGINE = InnoDB CHARACTER SET = utf8 COLLATE = utf8_bin ROW_FORMAT = Compact;

-- ----------------------------
-- Records of act_re_deployment
-- ----------------------------
INSERT INTO `act_re_deployment` VALUES ('0d8ee4b2-6cda-11ea-a34e-606dc70da7a3', NULL, NULL, NULL, '1', '2020-03-23 15:43:57', NULL);

-- ----------------------------
-- Table structure for act_re_model
-- ----------------------------
DROP TABLE IF EXISTS `act_re_model`;
CREATE TABLE `act_re_model`  (
  `ID_` varchar(64) CHARACTER SET utf8 COLLATE utf8_bin NOT NULL,
  `REV_` int(11) NULL DEFAULT NULL,
  `NAME_` varchar(255) CHARACTER SET utf8 COLLATE utf8_bin NULL DEFAULT NULL,
  `KEY_` varchar(255) CHARACTER SET utf8 COLLATE utf8_bin NULL DEFAULT NULL,
  `CATEGORY_` varchar(255) CHARACTER SET utf8 COLLATE utf8_bin NULL DEFAULT NULL,
  `CREATE_TIME_` timestamp(0) NULL DEFAULT NULL,
  `LAST_UPDATE_TIME_` timestamp(0) NULL DEFAULT NULL,
  `VERSION_` int(11) NULL DEFAULT NULL,
  `META_INFO_` varchar(4000) CHARACTER SET utf8 COLLATE utf8_bin NULL DEFAULT NULL,
  `DEPLOYMENT_ID_` varchar(64) CHARACTER SET utf8 COLLATE utf8_bin NULL DEFAULT NULL,
  `EDITOR_SOURCE_VALUE_ID_` varchar(64) CHARACTER SET utf8 COLLATE utf8_bin NULL DEFAULT NULL,
  `EDITOR_SOURCE_EXTRA_VALUE_ID_` varchar(64) CHARACTER SET utf8 COLLATE utf8_bin NULL DEFAULT NULL,
  `TENANT_ID_` varchar(255) CHARACTER SET utf8 COLLATE utf8_bin NULL DEFAULT '',
  PRIMARY KEY (`ID_`) USING BTREE,
  INDEX `ACT_FK_MODEL_SOURCE`(`EDITOR_SOURCE_VALUE_ID_`) USING BTREE,
  INDEX `ACT_FK_MODEL_SOURCE_EXTRA`(`EDITOR_SOURCE_EXTRA_VALUE_ID_`) USING BTREE,
  INDEX `ACT_FK_MODEL_DEPLOYMENT`(`DEPLOYMENT_ID_`) USING BTREE,
  CONSTRAINT `ACT_FK_MODEL_DEPLOYMENT` FOREIGN KEY (`DEPLOYMENT_ID_`) REFERENCES `act_re_deployment` (`ID_`) ON DELETE RESTRICT ON UPDATE RESTRICT,
  CONSTRAINT `ACT_FK_MODEL_SOURCE` FOREIGN KEY (`EDITOR_SOURCE_VALUE_ID_`) REFERENCES `act_ge_bytearray` (`ID_`) ON DELETE RESTRICT ON UPDATE RESTRICT,
  CONSTRAINT `ACT_FK_MODEL_SOURCE_EXTRA` FOREIGN KEY (`EDITOR_SOURCE_EXTRA_VALUE_ID_`) REFERENCES `act_ge_bytearray` (`ID_`) ON DELETE RESTRICT ON UPDATE RESTRICT
) ENGINE = InnoDB CHARACTER SET = utf8 COLLATE = utf8_bin ROW_FORMAT = Compact;

-- ----------------------------
-- Records of act_re_model
-- ----------------------------

-- ----------------------------
-- Table structure for act_re_procdef
-- ----------------------------
DROP TABLE IF EXISTS `act_re_procdef`;
CREATE TABLE `act_re_procdef`  (
  `ID_` varchar(64) CHARACTER SET utf8 COLLATE utf8_bin NOT NULL,
  `REV_` int(11) NULL DEFAULT NULL,
  `CATEGORY_` varchar(255) CHARACTER SET utf8 COLLATE utf8_bin NULL DEFAULT NULL,
  `NAME_` varchar(255) CHARACTER SET utf8 COLLATE utf8_bin NULL DEFAULT NULL,
  `KEY_` varchar(255) CHARACTER SET utf8 COLLATE utf8_bin NOT NULL,
  `VERSION_` int(11) NOT NULL,
  `DEPLOYMENT_ID_` varchar(64) CHARACTER SET utf8 COLLATE utf8_bin NULL DEFAULT NULL,
  `RESOURCE_NAME_` varchar(4000) CHARACTER SET utf8 COLLATE utf8_bin NULL DEFAULT NULL,
  `DGRM_RESOURCE_NAME_` varchar(4000) CHARACTER SET utf8 COLLATE utf8_bin NULL DEFAULT NULL,
  `DESCRIPTION_` varchar(4000) CHARACTER SET utf8 COLLATE utf8_bin NULL DEFAULT NULL,
  `HAS_START_FORM_KEY_` tinyint(4) NULL DEFAULT NULL,
  `HAS_GRAPHICAL_NOTATION_` tinyint(4) NULL DEFAULT NULL,
  `SUSPENSION_STATE_` int(11) NULL DEFAULT NULL,
  `TENANT_ID_` varchar(255) CHARACTER SET utf8 COLLATE utf8_bin NULL DEFAULT '',
  `ENGINE_VERSION_` varchar(255) CHARACTER SET utf8 COLLATE utf8_bin NULL DEFAULT NULL,
  PRIMARY KEY (`ID_`) USING BTREE,
  UNIQUE INDEX `ACT_UNIQ_PROCDEF`(`KEY_`, `VERSION_`, `TENANT_ID_`) USING BTREE
) ENGINE = InnoDB CHARACTER SET = utf8 COLLATE = utf8_bin ROW_FORMAT = Compact;

-- ----------------------------
-- Records of act_re_procdef
-- ----------------------------
INSERT INTO `act_re_procdef` VALUES ('process_leave:1:0d9a2f54-6cda-11ea-a34e-606dc70da7a3', 1, 'http://www.activiti.org/processdef', '请假', 'process_leave', 1, '0d8ee4b2-6cda-11ea-a34e-606dc70da7a3', '请假.bpmn20.xml', NULL, '请假流程', 0, 1, 1, '1', NULL);

-- ----------------------------
-- Table structure for act_ru_deadletter_job
-- ----------------------------
DROP TABLE IF EXISTS `act_ru_deadletter_job`;
CREATE TABLE `act_ru_deadletter_job`  (
  `ID_` varchar(64) CHARACTER SET utf8 COLLATE utf8_bin NOT NULL,
  `REV_` int(11) NULL DEFAULT NULL,
  `TYPE_` varchar(255) CHARACTER SET utf8 COLLATE utf8_bin NOT NULL,
  `EXCLUSIVE_` tinyint(1) NULL DEFAULT NULL,
  `EXECUTION_ID_` varchar(64) CHARACTER SET utf8 COLLATE utf8_bin NULL DEFAULT NULL,
  `PROCESS_INSTANCE_ID_` varchar(64) CHARACTER SET utf8 COLLATE utf8_bin NULL DEFAULT NULL,
  `PROC_DEF_ID_` varchar(64) CHARACTER SET utf8 COLLATE utf8_bin NULL DEFAULT NULL,
  `EXCEPTION_STACK_ID_` varchar(64) CHARACTER SET utf8 COLLATE utf8_bin NULL DEFAULT NULL,
  `EXCEPTION_MSG_` varchar(4000) CHARACTER SET utf8 COLLATE utf8_bin NULL DEFAULT NULL,
  `DUEDATE_` timestamp(0) NULL DEFAULT NULL,
  `REPEAT_` varchar(255) CHARACTER SET utf8 COLLATE utf8_bin NULL DEFAULT NULL,
  `HANDLER_TYPE_` varchar(255) CHARACTER SET utf8 COLLATE utf8_bin NULL DEFAULT NULL,
  `HANDLER_CFG_` varchar(4000) CHARACTER SET utf8 COLLATE utf8_bin NULL DEFAULT NULL,
  `TENANT_ID_` varchar(255) CHARACTER SET utf8 COLLATE utf8_bin NULL DEFAULT '',
  PRIMARY KEY (`ID_`) USING BTREE,
  INDEX `ACT_FK_DEADLETTER_JOB_EXECUTION`(`EXECUTION_ID_`) USING BTREE,
  INDEX `ACT_FK_DEADLETTER_JOB_PROCESS_INSTANCE`(`PROCESS_INSTANCE_ID_`) USING BTREE,
  INDEX `ACT_FK_DEADLETTER_JOB_PROC_DEF`(`PROC_DEF_ID_`) USING BTREE,
  INDEX `ACT_FK_DEADLETTER_JOB_EXCEPTION`(`EXCEPTION_STACK_ID_`) USING BTREE,
  CONSTRAINT `ACT_FK_DEADLETTER_JOB_EXCEPTION` FOREIGN KEY (`EXCEPTION_STACK_ID_`) REFERENCES `act_ge_bytearray` (`ID_`) ON DELETE RESTRICT ON UPDATE RESTRICT,
  CONSTRAINT `ACT_FK_DEADLETTER_JOB_EXECUTION` FOREIGN KEY (`EXECUTION_ID_`) REFERENCES `act_ru_execution` (`ID_`) ON DELETE RESTRICT ON UPDATE RESTRICT,
  CONSTRAINT `ACT_FK_DEADLETTER_JOB_PROCESS_INSTANCE` FOREIGN KEY (`PROCESS_INSTANCE_ID_`) REFERENCES `act_ru_execution` (`ID_`) ON DELETE RESTRICT ON UPDATE RESTRICT,
  CONSTRAINT `ACT_FK_DEADLETTER_JOB_PROC_DEF` FOREIGN KEY (`PROC_DEF_ID_`) REFERENCES `act_re_procdef` (`ID_`) ON DELETE RESTRICT ON UPDATE RESTRICT
) ENGINE = InnoDB CHARACTER SET = utf8 COLLATE = utf8_bin ROW_FORMAT = Compact;

-- ----------------------------
-- Records of act_ru_deadletter_job
-- ----------------------------

-- ----------------------------
-- Table structure for act_ru_event_subscr
-- ----------------------------
DROP TABLE IF EXISTS `act_ru_event_subscr`;
CREATE TABLE `act_ru_event_subscr`  (
  `ID_` varchar(64) CHARACTER SET utf8 COLLATE utf8_bin NOT NULL,
  `REV_` int(11) NULL DEFAULT NULL,
  `EVENT_TYPE_` varchar(255) CHARACTER SET utf8 COLLATE utf8_bin NOT NULL,
  `EVENT_NAME_` varchar(255) CHARACTER SET utf8 COLLATE utf8_bin NULL DEFAULT NULL,
  `EXECUTION_ID_` varchar(64) CHARACTER SET utf8 COLLATE utf8_bin NULL DEFAULT NULL,
  `PROC_INST_ID_` varchar(64) CHARACTER SET utf8 COLLATE utf8_bin NULL DEFAULT NULL,
  `ACTIVITY_ID_` varchar(64) CHARACTER SET utf8 COLLATE utf8_bin NULL DEFAULT NULL,
  `CONFIGURATION_` varchar(255) CHARACTER SET utf8 COLLATE utf8_bin NULL DEFAULT NULL,
  `CREATED_` timestamp(0) NOT NULL DEFAULT CURRENT_TIMESTAMP(0),
  `PROC_DEF_ID_` varchar(64) CHARACTER SET utf8 COLLATE utf8_bin NULL DEFAULT NULL,
  `TENANT_ID_` varchar(255) CHARACTER SET utf8 COLLATE utf8_bin NULL DEFAULT '',
  PRIMARY KEY (`ID_`) USING BTREE,
  INDEX `ACT_IDX_EVENT_SUBSCR_CONFIG_`(`CONFIGURATION_`) USING BTREE,
  INDEX `ACT_FK_EVENT_EXEC`(`EXECUTION_ID_`) USING BTREE,
  CONSTRAINT `ACT_FK_EVENT_EXEC` FOREIGN KEY (`EXECUTION_ID_`) REFERENCES `act_ru_execution` (`ID_`) ON DELETE RESTRICT ON UPDATE RESTRICT
) ENGINE = InnoDB CHARACTER SET = utf8 COLLATE = utf8_bin ROW_FORMAT = Compact;

-- ----------------------------
-- Records of act_ru_event_subscr
-- ----------------------------

-- ----------------------------
-- Table structure for act_ru_execution
-- ----------------------------
DROP TABLE IF EXISTS `act_ru_execution`;
CREATE TABLE `act_ru_execution`  (
  `ID_` varchar(64) CHARACTER SET utf8 COLLATE utf8_bin NOT NULL DEFAULT '',
  `REV_` int(11) NULL DEFAULT NULL,
  `PROC_INST_ID_` varchar(64) CHARACTER SET utf8 COLLATE utf8_bin NULL DEFAULT NULL,
  `BUSINESS_KEY_` varchar(255) CHARACTER SET utf8 COLLATE utf8_bin NULL DEFAULT NULL,
  `PARENT_ID_` varchar(64) CHARACTER SET utf8 COLLATE utf8_bin NULL DEFAULT NULL,
  `PROC_DEF_ID_` varchar(64) CHARACTER SET utf8 COLLATE utf8_bin NULL DEFAULT NULL,
  `SUPER_EXEC_` varchar(64) CHARACTER SET utf8 COLLATE utf8_bin NULL DEFAULT NULL,
  `ROOT_PROC_INST_ID_` varchar(64) CHARACTER SET utf8 COLLATE utf8_bin NULL DEFAULT NULL,
  `ACT_ID_` varchar(255) CHARACTER SET utf8 COLLATE utf8_bin NULL DEFAULT NULL,
  `IS_ACTIVE_` tinyint(4) NULL DEFAULT NULL,
  `IS_CONCURRENT_` tinyint(4) NULL DEFAULT NULL,
  `IS_SCOPE_` tinyint(4) NULL DEFAULT NULL,
  `IS_EVENT_SCOPE_` tinyint(4) NULL DEFAULT NULL,
  `IS_MI_ROOT_` tinyint(4) NULL DEFAULT NULL,
  `SUSPENSION_STATE_` int(11) NULL DEFAULT NULL,
  `CACHED_ENT_STATE_` int(11) NULL DEFAULT NULL,
  `TENANT_ID_` varchar(255) CHARACTER SET utf8 COLLATE utf8_bin NULL DEFAULT '',
  `NAME_` varchar(255) CHARACTER SET utf8 COLLATE utf8_bin NULL DEFAULT NULL,
  `START_TIME_` datetime(0) NULL DEFAULT NULL,
  `START_USER_ID_` varchar(255) CHARACTER SET utf8 COLLATE utf8_bin NULL DEFAULT NULL,
  `LOCK_TIME_` timestamp(0) NULL DEFAULT NULL,
  `IS_COUNT_ENABLED_` tinyint(4) NULL DEFAULT NULL,
  `EVT_SUBSCR_COUNT_` int(11) NULL DEFAULT NULL,
  `TASK_COUNT_` int(11) NULL DEFAULT NULL,
  `JOB_COUNT_` int(11) NULL DEFAULT NULL,
  `TIMER_JOB_COUNT_` int(11) NULL DEFAULT NULL,
  `SUSP_JOB_COUNT_` int(11) NULL DEFAULT NULL,
  `DEADLETTER_JOB_COUNT_` int(11) NULL DEFAULT NULL,
  `VAR_COUNT_` int(11) NULL DEFAULT NULL,
  `ID_LINK_COUNT_` int(11) NULL DEFAULT NULL,
  PRIMARY KEY (`ID_`) USING BTREE,
  INDEX `ACT_IDX_EXEC_BUSKEY`(`BUSINESS_KEY_`) USING BTREE,
  INDEX `ACT_IDC_EXEC_ROOT`(`ROOT_PROC_INST_ID_`) USING BTREE,
  INDEX `ACT_FK_EXE_PROCINST`(`PROC_INST_ID_`) USING BTREE,
  INDEX `ACT_FK_EXE_PARENT`(`PARENT_ID_`) USING BTREE,
  INDEX `ACT_FK_EXE_SUPER`(`SUPER_EXEC_`) USING BTREE,
  INDEX `ACT_FK_EXE_PROCDEF`(`PROC_DEF_ID_`) USING BTREE,
  CONSTRAINT `ACT_FK_EXE_PARENT` FOREIGN KEY (`PARENT_ID_`) REFERENCES `act_ru_execution` (`ID_`) ON DELETE CASCADE ON UPDATE RESTRICT,
  CONSTRAINT `ACT_FK_EXE_PROCDEF` FOREIGN KEY (`PROC_DEF_ID_`) REFERENCES `act_re_procdef` (`ID_`) ON DELETE RESTRICT ON UPDATE RESTRICT,
  CONSTRAINT `ACT_FK_EXE_PROCINST` FOREIGN KEY (`PROC_INST_ID_`) REFERENCES `act_ru_execution` (`ID_`) ON DELETE CASCADE ON UPDATE CASCADE,
  CONSTRAINT `ACT_FK_EXE_SUPER` FOREIGN KEY (`SUPER_EXEC_`) REFERENCES `act_ru_execution` (`ID_`) ON DELETE CASCADE ON UPDATE RESTRICT
) ENGINE = InnoDB CHARACTER SET = utf8 COLLATE = utf8_bin ROW_FORMAT = Compact;

-- ----------------------------
-- Records of act_ru_execution
-- ----------------------------
INSERT INTO `act_ru_execution` VALUES ('0579a88a-6cde-11ea-9169-606dc70da7a3', 1, '0579a88a-6cde-11ea-9169-606dc70da7a3', '1242001224463667200', NULL, 'process_leave:1:0d9a2f54-6cda-11ea-a34e-606dc70da7a3', NULL, '0579a88a-6cde-11ea-9169-606dc70da7a3', NULL, 1, 0, 1, 0, 0, 1, NULL, '1', NULL, '2020-03-23 16:12:21', NULL, NULL, 0, 0, 0, 0, 0, 0, 0, 0, 0);
INSERT INTO `act_ru_execution` VALUES ('0579cf9d-6cde-11ea-9169-606dc70da7a3', 1, '0579a88a-6cde-11ea-9169-606dc70da7a3', NULL, '0579a88a-6cde-11ea-9169-606dc70da7a3', 'process_leave:1:0d9a2f54-6cda-11ea-a34e-606dc70da7a3', NULL, '0579a88a-6cde-11ea-9169-606dc70da7a3', 'APPLY', 1, 0, 0, 0, 0, 1, NULL, '1', NULL, '2020-03-23 16:12:21', NULL, NULL, 0, 0, 0, 0, 0, 0, 0, 0, 0);
INSERT INTO `act_ru_execution` VALUES ('057effc4-6cde-11ea-9169-606dc70da7a3', 1, '057effc4-6cde-11ea-9169-606dc70da7a3', '1242001224463667200', NULL, 'process_leave:1:0d9a2f54-6cda-11ea-a34e-606dc70da7a3', NULL, '057effc4-6cde-11ea-9169-606dc70da7a3', NULL, 1, 0, 1, 0, 0, 1, NULL, '1', NULL, '2020-03-23 16:12:21', NULL, NULL, 0, 0, 0, 0, 0, 0, 0, 0, 0);
INSERT INTO `act_ru_execution` VALUES ('057effc7-6cde-11ea-9169-606dc70da7a3', 2, '057effc4-6cde-11ea-9169-606dc70da7a3', NULL, '057effc4-6cde-11ea-9169-606dc70da7a3', 'process_leave:1:0d9a2f54-6cda-11ea-a34e-606dc70da7a3', NULL, '057effc4-6cde-11ea-9169-606dc70da7a3', 'CHU', 1, 0, 0, 0, 0, 1, NULL, '1', NULL, '2020-03-23 16:12:21', NULL, NULL, 0, 0, 0, 0, 0, 0, 0, 0, 0);
INSERT INTO `act_ru_execution` VALUES ('1be6519c-6ce9-11ea-9169-606dc70da7a3', 1, '1be6519c-6ce9-11ea-9169-606dc70da7a3', '1242021198007750656', NULL, 'process_leave:1:0d9a2f54-6cda-11ea-a34e-606dc70da7a3', NULL, '1be6519c-6ce9-11ea-9169-606dc70da7a3', NULL, 1, 0, 1, 0, 0, 1, NULL, '1', NULL, '2020-03-23 17:31:43', NULL, NULL, 0, 0, 0, 0, 0, 0, 0, 0, 0);
INSERT INTO `act_ru_execution` VALUES ('1be6519f-6ce9-11ea-9169-606dc70da7a3', 2, '1be6519c-6ce9-11ea-9169-606dc70da7a3', NULL, '1be6519c-6ce9-11ea-9169-606dc70da7a3', 'process_leave:1:0d9a2f54-6cda-11ea-a34e-606dc70da7a3', NULL, '1be6519c-6ce9-11ea-9169-606dc70da7a3', 'CHU', 1, 0, 0, 0, 0, 1, NULL, '1', NULL, '2020-03-23 17:31:43', NULL, NULL, 0, 0, 0, 0, 0, 0, 0, 0, 0);
INSERT INTO `act_ru_execution` VALUES ('581a75d4-6cde-11ea-9169-606dc70da7a3', 1, '581a75d4-6cde-11ea-9169-606dc70da7a3', '1242001805995528192', NULL, 'process_leave:1:0d9a2f54-6cda-11ea-a34e-606dc70da7a3', NULL, '581a75d4-6cde-11ea-9169-606dc70da7a3', NULL, 1, 0, 1, 0, 0, 1, NULL, '1', NULL, '2020-03-23 16:14:40', NULL, NULL, 0, 0, 0, 0, 0, 0, 0, 0, 0);
INSERT INTO `act_ru_execution` VALUES ('581a9ce7-6cde-11ea-9169-606dc70da7a3', 1, '581a75d4-6cde-11ea-9169-606dc70da7a3', NULL, '581a75d4-6cde-11ea-9169-606dc70da7a3', 'process_leave:1:0d9a2f54-6cda-11ea-a34e-606dc70da7a3', NULL, '581a75d4-6cde-11ea-9169-606dc70da7a3', 'APPLY', 1, 0, 0, 0, 0, 1, NULL, '1', NULL, '2020-03-23 16:14:40', NULL, NULL, 0, 0, 0, 0, 0, 0, 0, 0, 0);
INSERT INTO `act_ru_execution` VALUES ('581fcd0e-6cde-11ea-9169-606dc70da7a3', 1, '581fcd0e-6cde-11ea-9169-606dc70da7a3', '1242001805995528192', NULL, 'process_leave:1:0d9a2f54-6cda-11ea-a34e-606dc70da7a3', NULL, '581fcd0e-6cde-11ea-9169-606dc70da7a3', NULL, 1, 0, 1, 0, 0, 1, NULL, '1', NULL, '2020-03-23 16:14:40', NULL, NULL, 0, 0, 0, 0, 0, 0, 0, 0, 0);
INSERT INTO `act_ru_execution` VALUES ('581fcd11-6cde-11ea-9169-606dc70da7a3', 2, '581fcd0e-6cde-11ea-9169-606dc70da7a3', NULL, '581fcd0e-6cde-11ea-9169-606dc70da7a3', 'process_leave:1:0d9a2f54-6cda-11ea-a34e-606dc70da7a3', NULL, '581fcd0e-6cde-11ea-9169-606dc70da7a3', 'CHU', 1, 0, 0, 0, 0, 1, NULL, '1', NULL, '2020-03-23 16:14:40', NULL, NULL, 0, 0, 0, 0, 0, 0, 0, 0, 0);
INSERT INTO `act_ru_execution` VALUES ('702dfc0e-6cdf-11ea-9169-606dc70da7a3', 1, '702dfc0e-6cdf-11ea-9169-606dc70da7a3', '1242003776844451840', NULL, 'process_leave:1:0d9a2f54-6cda-11ea-a34e-606dc70da7a3', NULL, '702dfc0e-6cdf-11ea-9169-606dc70da7a3', NULL, 1, 0, 1, 0, 0, 1, NULL, '1', NULL, '2020-03-23 16:22:30', NULL, NULL, 0, 0, 0, 0, 0, 0, 0, 0, 0);
INSERT INTO `act_ru_execution` VALUES ('702dfc11-6cdf-11ea-9169-606dc70da7a3', 1, '702dfc0e-6cdf-11ea-9169-606dc70da7a3', NULL, '702dfc0e-6cdf-11ea-9169-606dc70da7a3', 'process_leave:1:0d9a2f54-6cda-11ea-a34e-606dc70da7a3', NULL, '702dfc0e-6cdf-11ea-9169-606dc70da7a3', 'APPLY', 1, 0, 0, 0, 0, 1, NULL, '1', NULL, '2020-03-23 16:22:30', NULL, NULL, 0, 0, 0, 0, 0, 0, 0, 0, 0);
INSERT INTO `act_ru_execution` VALUES ('703464b8-6cdf-11ea-9169-606dc70da7a3', 1, '703464b8-6cdf-11ea-9169-606dc70da7a3', '1242003776844451840', NULL, 'process_leave:1:0d9a2f54-6cda-11ea-a34e-606dc70da7a3', NULL, '703464b8-6cdf-11ea-9169-606dc70da7a3', NULL, 1, 0, 1, 0, 0, 1, NULL, '1', NULL, '2020-03-23 16:22:30', NULL, NULL, 0, 0, 0, 0, 0, 0, 0, 0, 0);
INSERT INTO `act_ru_execution` VALUES ('703464bb-6cdf-11ea-9169-606dc70da7a3', 2, '703464b8-6cdf-11ea-9169-606dc70da7a3', NULL, '703464b8-6cdf-11ea-9169-606dc70da7a3', 'process_leave:1:0d9a2f54-6cda-11ea-a34e-606dc70da7a3', NULL, '703464b8-6cdf-11ea-9169-606dc70da7a3', 'CHU', 1, 0, 0, 0, 0, 1, NULL, '1', NULL, '2020-03-23 16:22:30', NULL, NULL, 0, 0, 0, 0, 0, 0, 0, 0, 0);
INSERT INTO `act_ru_execution` VALUES ('a44af028-6ce0-11ea-9169-606dc70da7a3', 1, 'a44af028-6ce0-11ea-9169-606dc70da7a3', '1242005944989241344', NULL, 'process_leave:1:0d9a2f54-6cda-11ea-a34e-606dc70da7a3', NULL, 'a44af028-6ce0-11ea-9169-606dc70da7a3', NULL, 1, 0, 1, 0, 0, 1, NULL, '1', NULL, '2020-03-23 16:31:07', NULL, NULL, 0, 0, 0, 0, 0, 0, 0, 0, 0);
INSERT INTO `act_ru_execution` VALUES ('a44b173b-6ce0-11ea-9169-606dc70da7a3', 4, 'a44af028-6ce0-11ea-9169-606dc70da7a3', NULL, 'a44af028-6ce0-11ea-9169-606dc70da7a3', 'process_leave:1:0d9a2f54-6cda-11ea-a34e-606dc70da7a3', NULL, 'a44af028-6ce0-11ea-9169-606dc70da7a3', 'PI', 1, 0, 0, 0, 0, 1, NULL, '1', NULL, '2020-03-23 16:31:07', NULL, NULL, 0, 0, 0, 0, 0, 0, 0, 0, 0);
INSERT INTO `act_ru_execution` VALUES ('a4517fe2-6ce0-11ea-9169-606dc70da7a3', 1, 'a4517fe2-6ce0-11ea-9169-606dc70da7a3', '1242005944989241344', NULL, 'process_leave:1:0d9a2f54-6cda-11ea-a34e-606dc70da7a3', NULL, 'a4517fe2-6ce0-11ea-9169-606dc70da7a3', NULL, 1, 0, 1, 0, 0, 1, NULL, '1', NULL, '2020-03-23 16:31:07', NULL, NULL, 0, 0, 0, 0, 0, 0, 0, 0, 0);
INSERT INTO `act_ru_execution` VALUES ('a4517fe5-6ce0-11ea-9169-606dc70da7a3', 2, 'a4517fe2-6ce0-11ea-9169-606dc70da7a3', NULL, 'a4517fe2-6ce0-11ea-9169-606dc70da7a3', 'process_leave:1:0d9a2f54-6cda-11ea-a34e-606dc70da7a3', NULL, 'a4517fe2-6ce0-11ea-9169-606dc70da7a3', 'CHU', 1, 0, 0, 0, 0, 1, NULL, '1', NULL, '2020-03-23 16:31:07', NULL, NULL, 0, 0, 0, 0, 0, 0, 0, 0, 0);
INSERT INTO `act_ru_execution` VALUES ('b7aa11f5-6ce8-11ea-9169-606dc70da7a3', 1, 'b7aa11f5-6ce8-11ea-9169-606dc70da7a3', '1242020492827807744', NULL, 'process_leave:1:0d9a2f54-6cda-11ea-a34e-606dc70da7a3', NULL, 'b7aa11f5-6ce8-11ea-9169-606dc70da7a3', NULL, 1, 0, 1, 0, 0, 1, NULL, '1', NULL, '2020-03-23 17:28:55', NULL, NULL, 0, 0, 0, 0, 0, 0, 0, 0, 0);
INSERT INTO `act_ru_execution` VALUES ('b7aa3908-6ce8-11ea-9169-606dc70da7a3', 4, 'b7aa11f5-6ce8-11ea-9169-606dc70da7a3', NULL, 'b7aa11f5-6ce8-11ea-9169-606dc70da7a3', 'process_leave:1:0d9a2f54-6cda-11ea-a34e-606dc70da7a3', NULL, 'b7aa11f5-6ce8-11ea-9169-606dc70da7a3', 'PI', 1, 0, 0, 0, 0, 1, NULL, '1', NULL, '2020-03-23 17:28:55', NULL, NULL, 0, 0, 0, 0, 0, 0, 0, 0, 0);
INSERT INTO `act_ru_execution` VALUES ('b7b0a1af-6ce8-11ea-9169-606dc70da7a3', 1, 'b7b0a1af-6ce8-11ea-9169-606dc70da7a3', '1242020492827807744', NULL, 'process_leave:1:0d9a2f54-6cda-11ea-a34e-606dc70da7a3', NULL, 'b7b0a1af-6ce8-11ea-9169-606dc70da7a3', NULL, 1, 0, 1, 0, 0, 1, NULL, '1', NULL, '2020-03-23 17:28:55', NULL, NULL, 0, 0, 0, 0, 0, 0, 0, 0, 0);
INSERT INTO `act_ru_execution` VALUES ('b7b0c8c2-6ce8-11ea-9169-606dc70da7a3', 2, 'b7b0a1af-6ce8-11ea-9169-606dc70da7a3', NULL, 'b7b0a1af-6ce8-11ea-9169-606dc70da7a3', 'process_leave:1:0d9a2f54-6cda-11ea-a34e-606dc70da7a3', NULL, 'b7b0a1af-6ce8-11ea-9169-606dc70da7a3', 'CHU', 1, 0, 0, 0, 0, 1, NULL, '1', NULL, '2020-03-23 17:28:55', NULL, NULL, 0, 0, 0, 0, 0, 0, 0, 0, 0);
INSERT INTO `act_ru_execution` VALUES ('f22b2465-6cdc-11ea-9169-606dc70da7a3', 1, 'f22b2465-6cdc-11ea-9169-606dc70da7a3', '1241999287076900864', NULL, 'process_leave:1:0d9a2f54-6cda-11ea-a34e-606dc70da7a3', NULL, 'f22b2465-6cdc-11ea-9169-606dc70da7a3', NULL, 1, 0, 1, 0, 0, 1, NULL, '1', NULL, '2020-03-23 16:04:39', NULL, NULL, 0, 0, 0, 0, 0, 0, 0, 0, 0);
INSERT INTO `act_ru_execution` VALUES ('f22b2468-6cdc-11ea-9169-606dc70da7a3', 2, 'f22b2465-6cdc-11ea-9169-606dc70da7a3', NULL, 'f22b2465-6cdc-11ea-9169-606dc70da7a3', 'process_leave:1:0d9a2f54-6cda-11ea-a34e-606dc70da7a3', NULL, 'f22b2465-6cdc-11ea-9169-606dc70da7a3', 'CHU', 1, 0, 0, 0, 0, 1, NULL, '1', NULL, '2020-03-23 16:04:39', NULL, NULL, 0, 0, 0, 0, 0, 0, 0, 0, 0);

-- ----------------------------
-- Table structure for act_ru_identitylink
-- ----------------------------
DROP TABLE IF EXISTS `act_ru_identitylink`;
CREATE TABLE `act_ru_identitylink`  (
  `ID_` varchar(64) CHARACTER SET utf8 COLLATE utf8_bin NOT NULL DEFAULT '',
  `REV_` int(11) NULL DEFAULT NULL,
  `GROUP_ID_` varchar(255) CHARACTER SET utf8 COLLATE utf8_bin NULL DEFAULT NULL,
  `TYPE_` varchar(255) CHARACTER SET utf8 COLLATE utf8_bin NULL DEFAULT NULL,
  `USER_ID_` varchar(255) CHARACTER SET utf8 COLLATE utf8_bin NULL DEFAULT NULL,
  `TASK_ID_` varchar(64) CHARACTER SET utf8 COLLATE utf8_bin NULL DEFAULT NULL,
  `PROC_INST_ID_` varchar(64) CHARACTER SET utf8 COLLATE utf8_bin NULL DEFAULT NULL,
  `PROC_DEF_ID_` varchar(64) CHARACTER SET utf8 COLLATE utf8_bin NULL DEFAULT NULL,
  PRIMARY KEY (`ID_`) USING BTREE,
  INDEX `ACT_IDX_IDENT_LNK_USER`(`USER_ID_`) USING BTREE,
  INDEX `ACT_IDX_IDENT_LNK_GROUP`(`GROUP_ID_`) USING BTREE,
  INDEX `ACT_IDX_ATHRZ_PROCEDEF`(`PROC_DEF_ID_`) USING BTREE,
  INDEX `ACT_FK_TSKASS_TASK`(`TASK_ID_`) USING BTREE,
  INDEX `ACT_FK_IDL_PROCINST`(`PROC_INST_ID_`) USING BTREE,
  CONSTRAINT `ACT_FK_ATHRZ_PROCEDEF` FOREIGN KEY (`PROC_DEF_ID_`) REFERENCES `act_re_procdef` (`ID_`) ON DELETE RESTRICT ON UPDATE RESTRICT,
  CONSTRAINT `ACT_FK_IDL_PROCINST` FOREIGN KEY (`PROC_INST_ID_`) REFERENCES `act_ru_execution` (`ID_`) ON DELETE RESTRICT ON UPDATE RESTRICT,
  CONSTRAINT `ACT_FK_TSKASS_TASK` FOREIGN KEY (`TASK_ID_`) REFERENCES `act_ru_task` (`ID_`) ON DELETE RESTRICT ON UPDATE RESTRICT
) ENGINE = InnoDB CHARACTER SET = utf8 COLLATE = utf8_bin ROW_FORMAT = Compact;

-- ----------------------------
-- Records of act_ru_identitylink
-- ----------------------------
INSERT INTO `act_ru_identitylink` VALUES ('05364524-6ce3-11ea-9169-606dc70da7a3', 1, 'PROCESS_LEAVE_PI_USERS', 'candidate', NULL, '0535cff1-6ce3-11ea-9169-606dc70da7a3', NULL, NULL);
INSERT INTO `act_ru_identitylink` VALUES ('057a1dc3-6cde-11ea-9169-606dc70da7a3', 1, 'PROCESS_LEAVE_APPLY_USERS', 'candidate', NULL, '0579cfa0-6cde-11ea-9169-606dc70da7a3', NULL, NULL);
INSERT INTO `act_ru_identitylink` VALUES ('0586a0f3-6cde-11ea-9169-606dc70da7a3', 1, 'PROCESS_LEAVE_CHU_USERS', 'candidate', NULL, '058652d0-6cde-11ea-9169-606dc70da7a3', NULL, NULL);
INSERT INTO `act_ru_identitylink` VALUES ('1beda4ab-6ce9-11ea-9169-606dc70da7a3', 1, 'PROCESS_LEAVE_CHU_USERS', 'candidate', NULL, '1bed5688-6ce9-11ea-9169-606dc70da7a3', NULL, NULL);
INSERT INTO `act_ru_identitylink` VALUES ('581aeb0d-6cde-11ea-9169-606dc70da7a3', 1, 'PROCESS_LEAVE_APPLY_USERS', 'candidate', NULL, '581a9cea-6cde-11ea-9169-606dc70da7a3', NULL, NULL);
INSERT INTO `act_ru_identitylink` VALUES ('5827bc5d-6cde-11ea-9169-606dc70da7a3', 1, 'PROCESS_LEAVE_CHU_USERS', 'candidate', NULL, '58276e3a-6cde-11ea-9169-606dc70da7a3', NULL, NULL);
INSERT INTO `act_ru_identitylink` VALUES ('702e9857-6cdf-11ea-9169-606dc70da7a3', 1, 'PROCESS_LEAVE_APPLY_USERS', 'candidate', NULL, '702dfc14-6cdf-11ea-9169-606dc70da7a3', NULL, NULL);
INSERT INTO `act_ru_identitylink` VALUES ('703af477-6cdf-11ea-9169-606dc70da7a3', 1, 'PROCESS_LEAVE_CHU_USERS', 'candidate', NULL, '703acd64-6cdf-11ea-9169-606dc70da7a3', NULL, NULL);
INSERT INTO `act_ru_identitylink` VALUES ('a45c0741-6ce0-11ea-9169-606dc70da7a3', 1, 'PROCESS_LEAVE_CHU_USERS', 'candidate', NULL, 'a45b920e-6ce0-11ea-9169-606dc70da7a3', NULL, NULL);
INSERT INTO `act_ru_identitylink` VALUES ('b7b9f08e-6ce8-11ea-9169-606dc70da7a3', 1, 'PROCESS_LEAVE_CHU_USERS', 'candidate', NULL, 'b7b97b5b-6ce8-11ea-9169-606dc70da7a3', NULL, NULL);
INSERT INTO `act_ru_identitylink` VALUES ('d1104c71-6ce8-11ea-9169-606dc70da7a3', 1, 'PROCESS_LEAVE_PI_USERS', 'candidate', NULL, 'd10f13ee-6ce8-11ea-9169-606dc70da7a3', NULL, NULL);
INSERT INTO `act_ru_identitylink` VALUES ('f2329e84-6cdc-11ea-9169-606dc70da7a3', 1, 'PROCESS_LEAVE_CHU_USERS', 'candidate', NULL, 'f2327771-6cdc-11ea-9169-606dc70da7a3', NULL, NULL);

-- ----------------------------
-- Table structure for act_ru_integration
-- ----------------------------
DROP TABLE IF EXISTS `act_ru_integration`;
CREATE TABLE `act_ru_integration`  (
  `ID_` varchar(64) CHARACTER SET utf8 COLLATE utf8_bin NOT NULL,
  `EXECUTION_ID_` varchar(64) CHARACTER SET utf8 COLLATE utf8_bin NULL DEFAULT NULL,
  `PROCESS_INSTANCE_ID_` varchar(64) CHARACTER SET utf8 COLLATE utf8_bin NULL DEFAULT NULL,
  `PROC_DEF_ID_` varchar(64) CHARACTER SET utf8 COLLATE utf8_bin NULL DEFAULT NULL,
  `FLOW_NODE_ID_` varchar(64) CHARACTER SET utf8 COLLATE utf8_bin NULL DEFAULT NULL,
  `CREATED_DATE_` timestamp(0) NOT NULL DEFAULT CURRENT_TIMESTAMP(0) ON UPDATE CURRENT_TIMESTAMP(0),
  PRIMARY KEY (`ID_`) USING BTREE,
  INDEX `ACT_FK_INT_EXECUTION`(`EXECUTION_ID_`) USING BTREE,
  INDEX `ACT_FK_INT_PROC_INST`(`PROCESS_INSTANCE_ID_`) USING BTREE,
  INDEX `ACT_FK_INT_PROC_DEF`(`PROC_DEF_ID_`) USING BTREE,
  CONSTRAINT `ACT_FK_INT_EXECUTION` FOREIGN KEY (`EXECUTION_ID_`) REFERENCES `act_ru_execution` (`ID_`) ON DELETE CASCADE ON UPDATE RESTRICT,
  CONSTRAINT `ACT_FK_INT_PROC_DEF` FOREIGN KEY (`PROC_DEF_ID_`) REFERENCES `act_re_procdef` (`ID_`) ON DELETE RESTRICT ON UPDATE RESTRICT,
  CONSTRAINT `ACT_FK_INT_PROC_INST` FOREIGN KEY (`PROCESS_INSTANCE_ID_`) REFERENCES `act_ru_execution` (`ID_`) ON DELETE RESTRICT ON UPDATE RESTRICT
) ENGINE = InnoDB CHARACTER SET = utf8 COLLATE = utf8_bin ROW_FORMAT = Compact;

-- ----------------------------
-- Records of act_ru_integration
-- ----------------------------

-- ----------------------------
-- Table structure for act_ru_job
-- ----------------------------
DROP TABLE IF EXISTS `act_ru_job`;
CREATE TABLE `act_ru_job`  (
  `ID_` varchar(64) CHARACTER SET utf8 COLLATE utf8_bin NOT NULL,
  `REV_` int(11) NULL DEFAULT NULL,
  `TYPE_` varchar(255) CHARACTER SET utf8 COLLATE utf8_bin NOT NULL,
  `LOCK_EXP_TIME_` timestamp(0) NULL DEFAULT NULL,
  `LOCK_OWNER_` varchar(255) CHARACTER SET utf8 COLLATE utf8_bin NULL DEFAULT NULL,
  `EXCLUSIVE_` tinyint(1) NULL DEFAULT NULL,
  `EXECUTION_ID_` varchar(64) CHARACTER SET utf8 COLLATE utf8_bin NULL DEFAULT NULL,
  `PROCESS_INSTANCE_ID_` varchar(64) CHARACTER SET utf8 COLLATE utf8_bin NULL DEFAULT NULL,
  `PROC_DEF_ID_` varchar(64) CHARACTER SET utf8 COLLATE utf8_bin NULL DEFAULT NULL,
  `RETRIES_` int(11) NULL DEFAULT NULL,
  `EXCEPTION_STACK_ID_` varchar(64) CHARACTER SET utf8 COLLATE utf8_bin NULL DEFAULT NULL,
  `EXCEPTION_MSG_` varchar(4000) CHARACTER SET utf8 COLLATE utf8_bin NULL DEFAULT NULL,
  `DUEDATE_` timestamp(0) NULL DEFAULT NULL,
  `REPEAT_` varchar(255) CHARACTER SET utf8 COLLATE utf8_bin NULL DEFAULT NULL,
  `HANDLER_TYPE_` varchar(255) CHARACTER SET utf8 COLLATE utf8_bin NULL DEFAULT NULL,
  `HANDLER_CFG_` varchar(4000) CHARACTER SET utf8 COLLATE utf8_bin NULL DEFAULT NULL,
  `TENANT_ID_` varchar(255) CHARACTER SET utf8 COLLATE utf8_bin NULL DEFAULT '',
  PRIMARY KEY (`ID_`) USING BTREE,
  INDEX `ACT_FK_JOB_EXECUTION`(`EXECUTION_ID_`) USING BTREE,
  INDEX `ACT_FK_JOB_PROCESS_INSTANCE`(`PROCESS_INSTANCE_ID_`) USING BTREE,
  INDEX `ACT_FK_JOB_PROC_DEF`(`PROC_DEF_ID_`) USING BTREE,
  INDEX `ACT_FK_JOB_EXCEPTION`(`EXCEPTION_STACK_ID_`) USING BTREE,
  CONSTRAINT `ACT_FK_JOB_EXCEPTION` FOREIGN KEY (`EXCEPTION_STACK_ID_`) REFERENCES `act_ge_bytearray` (`ID_`) ON DELETE RESTRICT ON UPDATE RESTRICT,
  CONSTRAINT `ACT_FK_JOB_EXECUTION` FOREIGN KEY (`EXECUTION_ID_`) REFERENCES `act_ru_execution` (`ID_`) ON DELETE RESTRICT ON UPDATE RESTRICT,
  CONSTRAINT `ACT_FK_JOB_PROCESS_INSTANCE` FOREIGN KEY (`PROCESS_INSTANCE_ID_`) REFERENCES `act_ru_execution` (`ID_`) ON DELETE RESTRICT ON UPDATE RESTRICT,
  CONSTRAINT `ACT_FK_JOB_PROC_DEF` FOREIGN KEY (`PROC_DEF_ID_`) REFERENCES `act_re_procdef` (`ID_`) ON DELETE RESTRICT ON UPDATE RESTRICT
) ENGINE = InnoDB CHARACTER SET = utf8 COLLATE = utf8_bin ROW_FORMAT = Compact;

-- ----------------------------
-- Records of act_ru_job
-- ----------------------------

-- ----------------------------
-- Table structure for act_ru_suspended_job
-- ----------------------------
DROP TABLE IF EXISTS `act_ru_suspended_job`;
CREATE TABLE `act_ru_suspended_job`  (
  `ID_` varchar(64) CHARACTER SET utf8 COLLATE utf8_bin NOT NULL,
  `REV_` int(11) NULL DEFAULT NULL,
  `TYPE_` varchar(255) CHARACTER SET utf8 COLLATE utf8_bin NOT NULL,
  `EXCLUSIVE_` tinyint(1) NULL DEFAULT NULL,
  `EXECUTION_ID_` varchar(64) CHARACTER SET utf8 COLLATE utf8_bin NULL DEFAULT NULL,
  `PROCESS_INSTANCE_ID_` varchar(64) CHARACTER SET utf8 COLLATE utf8_bin NULL DEFAULT NULL,
  `PROC_DEF_ID_` varchar(64) CHARACTER SET utf8 COLLATE utf8_bin NULL DEFAULT NULL,
  `RETRIES_` int(11) NULL DEFAULT NULL,
  `EXCEPTION_STACK_ID_` varchar(64) CHARACTER SET utf8 COLLATE utf8_bin NULL DEFAULT NULL,
  `EXCEPTION_MSG_` varchar(4000) CHARACTER SET utf8 COLLATE utf8_bin NULL DEFAULT NULL,
  `DUEDATE_` timestamp(0) NULL DEFAULT NULL,
  `REPEAT_` varchar(255) CHARACTER SET utf8 COLLATE utf8_bin NULL DEFAULT NULL,
  `HANDLER_TYPE_` varchar(255) CHARACTER SET utf8 COLLATE utf8_bin NULL DEFAULT NULL,
  `HANDLER_CFG_` varchar(4000) CHARACTER SET utf8 COLLATE utf8_bin NULL DEFAULT NULL,
  `TENANT_ID_` varchar(255) CHARACTER SET utf8 COLLATE utf8_bin NULL DEFAULT '',
  PRIMARY KEY (`ID_`) USING BTREE,
  INDEX `ACT_FK_SUSPENDED_JOB_EXECUTION`(`EXECUTION_ID_`) USING BTREE,
  INDEX `ACT_FK_SUSPENDED_JOB_PROCESS_INSTANCE`(`PROCESS_INSTANCE_ID_`) USING BTREE,
  INDEX `ACT_FK_SUSPENDED_JOB_PROC_DEF`(`PROC_DEF_ID_`) USING BTREE,
  INDEX `ACT_FK_SUSPENDED_JOB_EXCEPTION`(`EXCEPTION_STACK_ID_`) USING BTREE,
  CONSTRAINT `ACT_FK_SUSPENDED_JOB_EXCEPTION` FOREIGN KEY (`EXCEPTION_STACK_ID_`) REFERENCES `act_ge_bytearray` (`ID_`) ON DELETE RESTRICT ON UPDATE RESTRICT,
  CONSTRAINT `ACT_FK_SUSPENDED_JOB_EXECUTION` FOREIGN KEY (`EXECUTION_ID_`) REFERENCES `act_ru_execution` (`ID_`) ON DELETE RESTRICT ON UPDATE RESTRICT,
  CONSTRAINT `ACT_FK_SUSPENDED_JOB_PROCESS_INSTANCE` FOREIGN KEY (`PROCESS_INSTANCE_ID_`) REFERENCES `act_ru_execution` (`ID_`) ON DELETE RESTRICT ON UPDATE RESTRICT,
  CONSTRAINT `ACT_FK_SUSPENDED_JOB_PROC_DEF` FOREIGN KEY (`PROC_DEF_ID_`) REFERENCES `act_re_procdef` (`ID_`) ON DELETE RESTRICT ON UPDATE RESTRICT
) ENGINE = InnoDB CHARACTER SET = utf8 COLLATE = utf8_bin ROW_FORMAT = Compact;

-- ----------------------------
-- Records of act_ru_suspended_job
-- ----------------------------

-- ----------------------------
-- Table structure for act_ru_task
-- ----------------------------
DROP TABLE IF EXISTS `act_ru_task`;
CREATE TABLE `act_ru_task`  (
  `ID_` varchar(64) CHARACTER SET utf8 COLLATE utf8_bin NOT NULL DEFAULT '',
  `REV_` int(11) NULL DEFAULT NULL,
  `EXECUTION_ID_` varchar(64) CHARACTER SET utf8 COLLATE utf8_bin NULL DEFAULT NULL,
  `PROC_INST_ID_` varchar(64) CHARACTER SET utf8 COLLATE utf8_bin NULL DEFAULT NULL,
  `PROC_DEF_ID_` varchar(64) CHARACTER SET utf8 COLLATE utf8_bin NULL DEFAULT NULL,
  `NAME_` varchar(255) CHARACTER SET utf8 COLLATE utf8_bin NULL DEFAULT NULL,
  `PARENT_TASK_ID_` varchar(64) CHARACTER SET utf8 COLLATE utf8_bin NULL DEFAULT NULL,
  `DESCRIPTION_` varchar(4000) CHARACTER SET utf8 COLLATE utf8_bin NULL DEFAULT NULL,
  `TASK_DEF_KEY_` varchar(255) CHARACTER SET utf8 COLLATE utf8_bin NULL DEFAULT NULL,
  `OWNER_` varchar(255) CHARACTER SET utf8 COLLATE utf8_bin NULL DEFAULT NULL,
  `ASSIGNEE_` varchar(255) CHARACTER SET utf8 COLLATE utf8_bin NULL DEFAULT NULL,
  `DELEGATION_` varchar(64) CHARACTER SET utf8 COLLATE utf8_bin NULL DEFAULT NULL,
  `PRIORITY_` int(11) NULL DEFAULT NULL,
  `CREATE_TIME_` timestamp(0) NULL DEFAULT NULL,
  `DUE_DATE_` datetime(0) NULL DEFAULT NULL,
  `CATEGORY_` varchar(255) CHARACTER SET utf8 COLLATE utf8_bin NULL DEFAULT NULL,
  `SUSPENSION_STATE_` int(11) NULL DEFAULT NULL,
  `TENANT_ID_` varchar(255) CHARACTER SET utf8 COLLATE utf8_bin NULL DEFAULT '',
  `FORM_KEY_` varchar(255) CHARACTER SET utf8 COLLATE utf8_bin NULL DEFAULT NULL,
  `CLAIM_TIME_` datetime(0) NULL DEFAULT NULL,
  PRIMARY KEY (`ID_`) USING BTREE,
  INDEX `ACT_IDX_TASK_CREATE`(`CREATE_TIME_`) USING BTREE,
  INDEX `ACT_FK_TASK_EXE`(`EXECUTION_ID_`) USING BTREE,
  INDEX `ACT_FK_TASK_PROCINST`(`PROC_INST_ID_`) USING BTREE,
  INDEX `ACT_FK_TASK_PROCDEF`(`PROC_DEF_ID_`) USING BTREE,
  CONSTRAINT `ACT_FK_TASK_EXE` FOREIGN KEY (`EXECUTION_ID_`) REFERENCES `act_ru_execution` (`ID_`) ON DELETE RESTRICT ON UPDATE RESTRICT,
  CONSTRAINT `ACT_FK_TASK_PROCDEF` FOREIGN KEY (`PROC_DEF_ID_`) REFERENCES `act_re_procdef` (`ID_`) ON DELETE RESTRICT ON UPDATE RESTRICT,
  CONSTRAINT `ACT_FK_TASK_PROCINST` FOREIGN KEY (`PROC_INST_ID_`) REFERENCES `act_ru_execution` (`ID_`) ON DELETE RESTRICT ON UPDATE RESTRICT
) ENGINE = InnoDB CHARACTER SET = utf8 COLLATE = utf8_bin ROW_FORMAT = Compact;

-- ----------------------------
-- Records of act_ru_task
-- ----------------------------
INSERT INTO `act_ru_task` VALUES ('0535cff1-6ce3-11ea-9169-606dc70da7a3', 1, 'a44b173b-6ce0-11ea-9169-606dc70da7a3', 'a44af028-6ce0-11ea-9169-606dc70da7a3', 'process_leave:1:0d9a2f54-6cda-11ea-a34e-606dc70da7a3', '领导审批', NULL, NULL, 'PI', NULL, NULL, NULL, 50, '2020-03-23 16:48:08', NULL, NULL, 1, '1', NULL, NULL);
INSERT INTO `act_ru_task` VALUES ('0579cfa0-6cde-11ea-9169-606dc70da7a3', 1, '0579cf9d-6cde-11ea-9169-606dc70da7a3', '0579a88a-6cde-11ea-9169-606dc70da7a3', 'process_leave:1:0d9a2f54-6cda-11ea-a34e-606dc70da7a3', '提交申请', NULL, NULL, 'APPLY', NULL, NULL, NULL, 50, '2020-03-23 16:12:21', NULL, NULL, 1, '1', NULL, NULL);
INSERT INTO `act_ru_task` VALUES ('058652d0-6cde-11ea-9169-606dc70da7a3', 1, '057effc7-6cde-11ea-9169-606dc70da7a3', '057effc4-6cde-11ea-9169-606dc70da7a3', 'process_leave:1:0d9a2f54-6cda-11ea-a34e-606dc70da7a3', '初审', NULL, NULL, 'CHU', NULL, NULL, NULL, 50, '2020-03-23 16:12:21', NULL, NULL, 1, '1', NULL, NULL);
INSERT INTO `act_ru_task` VALUES ('1bed5688-6ce9-11ea-9169-606dc70da7a3', 1, '1be6519f-6ce9-11ea-9169-606dc70da7a3', '1be6519c-6ce9-11ea-9169-606dc70da7a3', 'process_leave:1:0d9a2f54-6cda-11ea-a34e-606dc70da7a3', '初审', NULL, NULL, 'CHU', NULL, NULL, NULL, 50, '2020-03-23 17:31:43', NULL, NULL, 1, '1', NULL, NULL);
INSERT INTO `act_ru_task` VALUES ('581a9cea-6cde-11ea-9169-606dc70da7a3', 1, '581a9ce7-6cde-11ea-9169-606dc70da7a3', '581a75d4-6cde-11ea-9169-606dc70da7a3', 'process_leave:1:0d9a2f54-6cda-11ea-a34e-606dc70da7a3', '提交申请', NULL, NULL, 'APPLY', NULL, NULL, NULL, 50, '2020-03-23 16:14:40', NULL, NULL, 1, '1', NULL, NULL);
INSERT INTO `act_ru_task` VALUES ('58276e3a-6cde-11ea-9169-606dc70da7a3', 1, '581fcd11-6cde-11ea-9169-606dc70da7a3', '581fcd0e-6cde-11ea-9169-606dc70da7a3', 'process_leave:1:0d9a2f54-6cda-11ea-a34e-606dc70da7a3', '初审', NULL, NULL, 'CHU', NULL, NULL, NULL, 50, '2020-03-23 16:14:40', NULL, NULL, 1, '1', NULL, NULL);
INSERT INTO `act_ru_task` VALUES ('702dfc14-6cdf-11ea-9169-606dc70da7a3', 1, '702dfc11-6cdf-11ea-9169-606dc70da7a3', '702dfc0e-6cdf-11ea-9169-606dc70da7a3', 'process_leave:1:0d9a2f54-6cda-11ea-a34e-606dc70da7a3', '提交申请', NULL, NULL, 'APPLY', NULL, NULL, NULL, 50, '2020-03-23 16:22:30', NULL, NULL, 1, '1', NULL, NULL);
INSERT INTO `act_ru_task` VALUES ('703acd64-6cdf-11ea-9169-606dc70da7a3', 1, '703464bb-6cdf-11ea-9169-606dc70da7a3', '703464b8-6cdf-11ea-9169-606dc70da7a3', 'process_leave:1:0d9a2f54-6cda-11ea-a34e-606dc70da7a3', '初审', NULL, NULL, 'CHU', NULL, NULL, NULL, 50, '2020-03-23 16:22:30', NULL, NULL, 1, '1', NULL, NULL);
INSERT INTO `act_ru_task` VALUES ('a45b920e-6ce0-11ea-9169-606dc70da7a3', 1, 'a4517fe5-6ce0-11ea-9169-606dc70da7a3', 'a4517fe2-6ce0-11ea-9169-606dc70da7a3', 'process_leave:1:0d9a2f54-6cda-11ea-a34e-606dc70da7a3', '初审', NULL, NULL, 'CHU', NULL, NULL, NULL, 50, '2020-03-23 16:31:07', NULL, NULL, 1, '1', NULL, NULL);
INSERT INTO `act_ru_task` VALUES ('b7b97b5b-6ce8-11ea-9169-606dc70da7a3', 1, 'b7b0c8c2-6ce8-11ea-9169-606dc70da7a3', 'b7b0a1af-6ce8-11ea-9169-606dc70da7a3', 'process_leave:1:0d9a2f54-6cda-11ea-a34e-606dc70da7a3', '初审', NULL, NULL, 'CHU', NULL, NULL, NULL, 50, '2020-03-23 17:28:55', NULL, NULL, 1, '1', NULL, NULL);
INSERT INTO `act_ru_task` VALUES ('d10f13ee-6ce8-11ea-9169-606dc70da7a3', 1, 'b7aa3908-6ce8-11ea-9169-606dc70da7a3', 'b7aa11f5-6ce8-11ea-9169-606dc70da7a3', 'process_leave:1:0d9a2f54-6cda-11ea-a34e-606dc70da7a3', '领导审批', NULL, NULL, 'PI', NULL, NULL, NULL, 50, '2020-03-23 17:29:38', NULL, NULL, 1, '1', NULL, NULL);
INSERT INTO `act_ru_task` VALUES ('f2327771-6cdc-11ea-9169-606dc70da7a3', 1, 'f22b2468-6cdc-11ea-9169-606dc70da7a3', 'f22b2465-6cdc-11ea-9169-606dc70da7a3', 'process_leave:1:0d9a2f54-6cda-11ea-a34e-606dc70da7a3', '初审', NULL, NULL, 'CHU', NULL, NULL, NULL, 50, '2020-03-23 16:04:40', NULL, NULL, 1, '1', NULL, NULL);

-- ----------------------------
-- Table structure for act_ru_timer_job
-- ----------------------------
DROP TABLE IF EXISTS `act_ru_timer_job`;
CREATE TABLE `act_ru_timer_job`  (
  `ID_` varchar(64) CHARACTER SET utf8 COLLATE utf8_bin NOT NULL,
  `REV_` int(11) NULL DEFAULT NULL,
  `TYPE_` varchar(255) CHARACTER SET utf8 COLLATE utf8_bin NOT NULL,
  `LOCK_EXP_TIME_` timestamp(0) NULL DEFAULT NULL,
  `LOCK_OWNER_` varchar(255) CHARACTER SET utf8 COLLATE utf8_bin NULL DEFAULT NULL,
  `EXCLUSIVE_` tinyint(1) NULL DEFAULT NULL,
  `EXECUTION_ID_` varchar(64) CHARACTER SET utf8 COLLATE utf8_bin NULL DEFAULT NULL,
  `PROCESS_INSTANCE_ID_` varchar(64) CHARACTER SET utf8 COLLATE utf8_bin NULL DEFAULT NULL,
  `PROC_DEF_ID_` varchar(64) CHARACTER SET utf8 COLLATE utf8_bin NULL DEFAULT NULL,
  `RETRIES_` int(11) NULL DEFAULT NULL,
  `EXCEPTION_STACK_ID_` varchar(64) CHARACTER SET utf8 COLLATE utf8_bin NULL DEFAULT NULL,
  `EXCEPTION_MSG_` varchar(4000) CHARACTER SET utf8 COLLATE utf8_bin NULL DEFAULT NULL,
  `DUEDATE_` timestamp(0) NULL DEFAULT NULL,
  `REPEAT_` varchar(255) CHARACTER SET utf8 COLLATE utf8_bin NULL DEFAULT NULL,
  `HANDLER_TYPE_` varchar(255) CHARACTER SET utf8 COLLATE utf8_bin NULL DEFAULT NULL,
  `HANDLER_CFG_` varchar(4000) CHARACTER SET utf8 COLLATE utf8_bin NULL DEFAULT NULL,
  `TENANT_ID_` varchar(255) CHARACTER SET utf8 COLLATE utf8_bin NULL DEFAULT '',
  PRIMARY KEY (`ID_`) USING BTREE,
  INDEX `ACT_FK_TIMER_JOB_EXECUTION`(`EXECUTION_ID_`) USING BTREE,
  INDEX `ACT_FK_TIMER_JOB_PROCESS_INSTANCE`(`PROCESS_INSTANCE_ID_`) USING BTREE,
  INDEX `ACT_FK_TIMER_JOB_PROC_DEF`(`PROC_DEF_ID_`) USING BTREE,
  INDEX `ACT_FK_TIMER_JOB_EXCEPTION`(`EXCEPTION_STACK_ID_`) USING BTREE,
  CONSTRAINT `ACT_FK_TIMER_JOB_EXCEPTION` FOREIGN KEY (`EXCEPTION_STACK_ID_`) REFERENCES `act_ge_bytearray` (`ID_`) ON DELETE RESTRICT ON UPDATE RESTRICT,
  CONSTRAINT `ACT_FK_TIMER_JOB_EXECUTION` FOREIGN KEY (`EXECUTION_ID_`) REFERENCES `act_ru_execution` (`ID_`) ON DELETE RESTRICT ON UPDATE RESTRICT,
  CONSTRAINT `ACT_FK_TIMER_JOB_PROCESS_INSTANCE` FOREIGN KEY (`PROCESS_INSTANCE_ID_`) REFERENCES `act_ru_execution` (`ID_`) ON DELETE RESTRICT ON UPDATE RESTRICT,
  CONSTRAINT `ACT_FK_TIMER_JOB_PROC_DEF` FOREIGN KEY (`PROC_DEF_ID_`) REFERENCES `act_re_procdef` (`ID_`) ON DELETE RESTRICT ON UPDATE RESTRICT
) ENGINE = InnoDB CHARACTER SET = utf8 COLLATE = utf8_bin ROW_FORMAT = Compact;

-- ----------------------------
-- Records of act_ru_timer_job
-- ----------------------------

-- ----------------------------
-- Table structure for act_ru_variable
-- ----------------------------
DROP TABLE IF EXISTS `act_ru_variable`;
CREATE TABLE `act_ru_variable`  (
  `ID_` varchar(64) CHARACTER SET utf8 COLLATE utf8_bin NOT NULL,
  `REV_` int(11) NULL DEFAULT NULL,
  `TYPE_` varchar(255) CHARACTER SET utf8 COLLATE utf8_bin NOT NULL,
  `NAME_` varchar(255) CHARACTER SET utf8 COLLATE utf8_bin NOT NULL,
  `EXECUTION_ID_` varchar(64) CHARACTER SET utf8 COLLATE utf8_bin NULL DEFAULT NULL,
  `PROC_INST_ID_` varchar(64) CHARACTER SET utf8 COLLATE utf8_bin NULL DEFAULT NULL,
  `TASK_ID_` varchar(64) CHARACTER SET utf8 COLLATE utf8_bin NULL DEFAULT NULL,
  `BYTEARRAY_ID_` varchar(64) CHARACTER SET utf8 COLLATE utf8_bin NULL DEFAULT NULL,
  `DOUBLE_` double NULL DEFAULT NULL,
  `LONG_` bigint(20) NULL DEFAULT NULL,
  `TEXT_` varchar(4000) CHARACTER SET utf8 COLLATE utf8_bin NULL DEFAULT NULL,
  `TEXT2_` varchar(4000) CHARACTER SET utf8 COLLATE utf8_bin NULL DEFAULT NULL,
  PRIMARY KEY (`ID_`) USING BTREE,
  INDEX `ACT_IDX_VARIABLE_TASK_ID`(`TASK_ID_`) USING BTREE,
  INDEX `ACT_FK_VAR_EXE`(`EXECUTION_ID_`) USING BTREE,
  INDEX `ACT_FK_VAR_PROCINST`(`PROC_INST_ID_`) USING BTREE,
  INDEX `ACT_FK_VAR_BYTEARRAY`(`BYTEARRAY_ID_`) USING BTREE,
  CONSTRAINT `ACT_FK_VAR_BYTEARRAY` FOREIGN KEY (`BYTEARRAY_ID_`) REFERENCES `act_ge_bytearray` (`ID_`) ON DELETE RESTRICT ON UPDATE RESTRICT,
  CONSTRAINT `ACT_FK_VAR_EXE` FOREIGN KEY (`EXECUTION_ID_`) REFERENCES `act_ru_execution` (`ID_`) ON DELETE RESTRICT ON UPDATE RESTRICT,
  CONSTRAINT `ACT_FK_VAR_PROCINST` FOREIGN KEY (`PROC_INST_ID_`) REFERENCES `act_ru_execution` (`ID_`) ON DELETE RESTRICT ON UPDATE RESTRICT
) ENGINE = InnoDB CHARACTER SET = utf8 COLLATE = utf8_bin ROW_FORMAT = Compact;

-- ----------------------------
-- Records of act_ru_variable
-- ----------------------------
INSERT INTO `act_ru_variable` VALUES ('0535f702-6ce3-11ea-9169-606dc70da7a3', 1, 'integer', 'days', 'a44b173b-6ce0-11ea-9169-606dc70da7a3', 'a44af028-6ce0-11ea-9169-606dc70da7a3', '0535cff1-6ce3-11ea-9169-606dc70da7a3', NULL, NULL, 9, '9', NULL);
INSERT INTO `act_ru_variable` VALUES ('0579a88b-6cde-11ea-9169-606dc70da7a3', 1, 'double', 'days', '0579a88a-6cde-11ea-9169-606dc70da7a3', '0579a88a-6cde-11ea-9169-606dc70da7a3', NULL, NULL, 1.5, NULL, NULL, NULL);
INSERT INTO `act_ru_variable` VALUES ('0579f6b1-6cde-11ea-9169-606dc70da7a3', 1, 'double', 'days', '0579cf9d-6cde-11ea-9169-606dc70da7a3', '0579a88a-6cde-11ea-9169-606dc70da7a3', '0579cfa0-6cde-11ea-9169-606dc70da7a3', NULL, 1.5, NULL, NULL, NULL);
INSERT INTO `act_ru_variable` VALUES ('057effc5-6cde-11ea-9169-606dc70da7a3', 1, 'double', 'days', '057effc4-6cde-11ea-9169-606dc70da7a3', '057effc4-6cde-11ea-9169-606dc70da7a3', NULL, NULL, 1.5, NULL, NULL, NULL);
INSERT INTO `act_ru_variable` VALUES ('058679e1-6cde-11ea-9169-606dc70da7a3', 1, 'double', 'days', '057effc7-6cde-11ea-9169-606dc70da7a3', '057effc4-6cde-11ea-9169-606dc70da7a3', '058652d0-6cde-11ea-9169-606dc70da7a3', NULL, 1.5, NULL, NULL, NULL);
INSERT INTO `act_ru_variable` VALUES ('1be6519d-6ce9-11ea-9169-606dc70da7a3', 1, 'integer', 'days', '1be6519c-6ce9-11ea-9169-606dc70da7a3', '1be6519c-6ce9-11ea-9169-606dc70da7a3', NULL, NULL, NULL, 12, '12', NULL);
INSERT INTO `act_ru_variable` VALUES ('1beda4a9-6ce9-11ea-9169-606dc70da7a3', 1, 'integer', 'days', '1be6519f-6ce9-11ea-9169-606dc70da7a3', '1be6519c-6ce9-11ea-9169-606dc70da7a3', '1bed5688-6ce9-11ea-9169-606dc70da7a3', NULL, NULL, 12, '12', NULL);
INSERT INTO `act_ru_variable` VALUES ('581a9ce5-6cde-11ea-9169-606dc70da7a3', 1, 'integer', 'days', '581a75d4-6cde-11ea-9169-606dc70da7a3', '581a75d4-6cde-11ea-9169-606dc70da7a3', NULL, NULL, NULL, 1, '1', NULL);
INSERT INTO `act_ru_variable` VALUES ('581ac3fb-6cde-11ea-9169-606dc70da7a3', 1, 'integer', 'days', '581a9ce7-6cde-11ea-9169-606dc70da7a3', '581a75d4-6cde-11ea-9169-606dc70da7a3', '581a9cea-6cde-11ea-9169-606dc70da7a3', NULL, NULL, 1, '1', NULL);
INSERT INTO `act_ru_variable` VALUES ('581fcd0f-6cde-11ea-9169-606dc70da7a3', 1, 'integer', 'days', '581fcd0e-6cde-11ea-9169-606dc70da7a3', '581fcd0e-6cde-11ea-9169-606dc70da7a3', NULL, NULL, NULL, 1, '1', NULL);
INSERT INTO `act_ru_variable` VALUES ('5827954b-6cde-11ea-9169-606dc70da7a3', 1, 'integer', 'days', '581fcd11-6cde-11ea-9169-606dc70da7a3', '581fcd0e-6cde-11ea-9169-606dc70da7a3', '58276e3a-6cde-11ea-9169-606dc70da7a3', NULL, NULL, 1, '1', NULL);
INSERT INTO `act_ru_variable` VALUES ('702dfc0f-6cdf-11ea-9169-606dc70da7a3', 1, 'double', 'days', '702dfc0e-6cdf-11ea-9169-606dc70da7a3', '702dfc0e-6cdf-11ea-9169-606dc70da7a3', NULL, NULL, 3.5, NULL, NULL, NULL);
INSERT INTO `act_ru_variable` VALUES ('702e4a35-6cdf-11ea-9169-606dc70da7a3', 1, 'double', 'days', '702dfc11-6cdf-11ea-9169-606dc70da7a3', '702dfc0e-6cdf-11ea-9169-606dc70da7a3', '702dfc14-6cdf-11ea-9169-606dc70da7a3', NULL, 3.5, NULL, NULL, NULL);
INSERT INTO `act_ru_variable` VALUES ('703464b9-6cdf-11ea-9169-606dc70da7a3', 1, 'double', 'days', '703464b8-6cdf-11ea-9169-606dc70da7a3', '703464b8-6cdf-11ea-9169-606dc70da7a3', NULL, NULL, 3.5, NULL, NULL, NULL);
INSERT INTO `act_ru_variable` VALUES ('703acd65-6cdf-11ea-9169-606dc70da7a3', 1, 'double', 'days', '703464bb-6cdf-11ea-9169-606dc70da7a3', '703464b8-6cdf-11ea-9169-606dc70da7a3', '703acd64-6cdf-11ea-9169-606dc70da7a3', NULL, 3.5, NULL, NULL, NULL);
INSERT INTO `act_ru_variable` VALUES ('a44af029-6ce0-11ea-9169-606dc70da7a3', 1, 'integer', 'days', 'a44af028-6ce0-11ea-9169-606dc70da7a3', 'a44af028-6ce0-11ea-9169-606dc70da7a3', NULL, NULL, NULL, 9, '9', NULL);
INSERT INTO `act_ru_variable` VALUES ('a4517fe3-6ce0-11ea-9169-606dc70da7a3', 1, 'integer', 'days', 'a4517fe2-6ce0-11ea-9169-606dc70da7a3', 'a4517fe2-6ce0-11ea-9169-606dc70da7a3', NULL, NULL, NULL, 9, '9', NULL);
INSERT INTO `act_ru_variable` VALUES ('a45be02f-6ce0-11ea-9169-606dc70da7a3', 1, 'integer', 'days', 'a4517fe5-6ce0-11ea-9169-606dc70da7a3', 'a4517fe2-6ce0-11ea-9169-606dc70da7a3', 'a45b920e-6ce0-11ea-9169-606dc70da7a3', NULL, NULL, 9, '9', NULL);
INSERT INTO `act_ru_variable` VALUES ('b7aa11f6-6ce8-11ea-9169-606dc70da7a3', 1, 'integer', 'days', 'b7aa11f5-6ce8-11ea-9169-606dc70da7a3', 'b7aa11f5-6ce8-11ea-9169-606dc70da7a3', NULL, NULL, NULL, 6, '6', NULL);
INSERT INTO `act_ru_variable` VALUES ('b7b0a1b0-6ce8-11ea-9169-606dc70da7a3', 1, 'integer', 'days', 'b7b0a1af-6ce8-11ea-9169-606dc70da7a3', 'b7b0a1af-6ce8-11ea-9169-606dc70da7a3', NULL, NULL, NULL, 6, '6', NULL);
INSERT INTO `act_ru_variable` VALUES ('b7b9c97c-6ce8-11ea-9169-606dc70da7a3', 1, 'integer', 'days', 'b7b0c8c2-6ce8-11ea-9169-606dc70da7a3', 'b7b0a1af-6ce8-11ea-9169-606dc70da7a3', 'b7b97b5b-6ce8-11ea-9169-606dc70da7a3', NULL, NULL, 6, '6', NULL);
INSERT INTO `act_ru_variable` VALUES ('d10fb02f-6ce8-11ea-9169-606dc70da7a3', 1, 'integer', 'days', 'b7aa3908-6ce8-11ea-9169-606dc70da7a3', 'b7aa11f5-6ce8-11ea-9169-606dc70da7a3', 'd10f13ee-6ce8-11ea-9169-606dc70da7a3', NULL, NULL, 6, '6', NULL);
INSERT INTO `act_ru_variable` VALUES ('f22b2466-6cdc-11ea-9169-606dc70da7a3', 1, 'integer', 'days', 'f22b2465-6cdc-11ea-9169-606dc70da7a3', 'f22b2465-6cdc-11ea-9169-606dc70da7a3', NULL, NULL, NULL, 12, '12', NULL);
INSERT INTO `act_ru_variable` VALUES ('f2329e82-6cdc-11ea-9169-606dc70da7a3', 1, 'integer', 'days', 'f22b2468-6cdc-11ea-9169-606dc70da7a3', 'f22b2465-6cdc-11ea-9169-606dc70da7a3', 'f2327771-6cdc-11ea-9169-606dc70da7a3', NULL, NULL, 12, '12', NULL);

SET FOREIGN_KEY_CHECKS = 1;
